product_type; name; calories; protein; fat; carbon
Баранина и дичь;Антилопа;114 кКал;22,38 г;2,03 г;0 г
Баранина и дичь;Антилопа, запеченная;150 кКал;29,45 г;2,67 г;0 г
Баранина и дичь;Баранина 1 кат.;209 кКал;15,6 г;16,3 г;0 г
Баранина и дичь;Баранина 2 кат.;166 кКал;19,8 г;9,6 г;0 г
Баранина и дичь;Баранина австралийская ,голяшка, мясо и жир, обрезь до 1/8'' жира, жаренная;231 кКал;25,25 г;13,69 г;0 г
Баранина и дичь;Баранина австралийская ,голяшка, мясо и жир, обрезь до 1/8'' жира, сырая;201 кКал;18,59 г;13,48 г;0 г
Баранина и дичь;Баранина австралийская ,голяшка, только мясо, обрезь до 1/8'' жира, жаренная;182 кКал;27,18 г;7,27 г;0 г
Баранина и дичь;Баранина австралийская ,голяшка, только мясо, обрезь до 1/8'' жира, сырая;133 кКал;20,45 г;5,1 г;0 г
Баранина и дичь;Баранина австралийская, Мясной набор, мясо и жир, обрезь до 1/8'' жира, вареная;256 кКал;24,52 г;16,82 г;0 г
Баранина и дичь;Баранина австралийская, мясной набор, мясо и жир, обрезь до 1/8'' жира, сырая;229 кКал;17,84 г;16,97 г;0 г
Баранина и дичь;Баранина австралийская, Мясной набор, только мясо, обрезь до 1/8'' жира, вареная;201 кКал;26,71 г;9,63 г;0 г
Баранина и дичь;Баранина австралийская, Мясной набор, только мясо, обрезь до 1/8'' жира, сырая;142 кКал;20,25 г;6,18 г;0 г
Баранина и дичь;Баранина австралийская, нога передняя с лопаткой, мясо и жир, обрезь до 1/8'' жира, вареная;296 кКал;23,58 г;21,65 г;0 г
Баранина и дичь;Баранина австралийская, нога передняя с лопаткой, только мясо, обрезь до 1/8'' жира, вареная;233 кКал;26,18 г;13,44 г;0 г
Баранина и дичь;Баранина австралийская, Нога передняя, с лопаткой, мясо и жир, обрезь до 1/8'' жира, сырая;256 кКал;16,68 г;20,47 г;0 г
Баранина и дичь;Баранина австралийская, нога целая,  только мясо, обрезь до 1/8'' жира, жаренная;190 кКал;27,31 г;8,1 г;0 г
Баранина и дичь;Баранина австралийская, нога целая, мясо и жир, обрезь до 1/8'' жира, сырая;215 кКал;18,24 г;15,19 г;0 г
Баранина и дичь;Баранина австралийская, нога, целая, мясо и жир, обрезь до 1/8'' жира, жаренная;244 кКал;25,16 г;15,13 г;0 г
Баранина и дичь;Баранина австралийская, нога, целая, только мясо, обрезь до 1/8'' жира, сырая;135 кКал;20,46 г;5,23 г;0 г
Баранина и дичь;Баранина австралийская, нога, центральная часть на кости, мясо и жир, обрезь до 1/8'' жира, жаренная на открытом огне;215 кКал;25,54 г;11,78 г;0 г
Баранина и дичь;Баранина австралийская, нога, центральная часть на кости, мясо и жир, обрезь до 1/8'' жира, сырая;195 кКал;19,17 г;12,56 г;0 г
Баранина и дичь;Баранина австралийская, нога, центральная часть на кости, только мясо, обрезь до 1/8'' жира, жаренная на открытом огне;183 кКал;26,75 г;7,68 г;0 г
Баранина и дичь;Баранина австралийская, нога, центральная часть на кости, только мясо, обрезь до 1/8'' жира, сырая;143 кКал;20,65 г;6,08 г;0 г
Баранина и дичь;Баранина австралийская, ребра, мясо и жир, обрезь до 1/8'' жира, жаренная;277 кКал;22,24 г;20,21 г;0 г
Баранина и дичь;Баранина австралийская, ребра, мясо и жир, обрезь до 1/8'' жира, сырая;237 кКал;21,26 г;16,89 г;0 г
Баранина и дичь;Баранина австралийская, ребра, только мясо, обрезь до 1/8'' жира, жаренная;210 кКал;24,63 г;11,6 г;0 г
Баранина и дичь;Баранина австралийская, ребра, только мясо, обрезь до 1/8'' жира, сырая;147 кКал;24,07 г;5,59 г;0 г
Баранина и дичь;Баранина австралийская, рулька, мясо и жир, обрезь до 1/8" жира, сырая;195 кКал;18,85 г;12,68 г;0 г
Баранина и дичь;Баранина австралийская, рулька, мясо и жир, обрезь до 1/8" жира, тушеная;236 кКал;24,78 г;14,44 г;0 г
Баранина и дичь;Баранина австралийская, рулька, только мясо, обрезь до 1/8" жира, сырая;123 кКал;20,83 г;3,81 г;0 г
Баранина и дичь;Баранина австралийская, рулька, только мясо, обрезь до 1/8" жира, тушеная;165 кКал;27,5 г;5,22 г;0 г
Баранина и дичь;Баранина австралийская, филейная часть, мясо и жир, обрезь до 1/8'' жира, жаренная на открытом огне;219 кКал;25,49 г;12,25 г;0 г
Баранина и дичь;Баранина австралийская, филейная часть, мясо и жир, обрезь до 1/8'' жира, сырая;203 кКал;19,32 г;13,38 г;0 г
Баранина и дичь;Баранина австралийская, филейная часть, только мясо, обрезь до 1/8'' жира, жаренная на открытом огне;192 кКал;26,53 г;8,75 г;0 г
Баранина и дичь;Баранина австралийская, филейная часть, только мясо, обрезь до 1/8'' жира, сырая;146 кКал;21 г;6,24 г;0 г
Баранина и дичь;Баранина жареная, по 1-396;264 кКал;22,4 г;19,4 г;0 г
Баранина и дичь;Баранина отварная, по 1-392;244 кКал;21,8 г;17,4 г;0 г
Баранина и дичь;Баранина тушеная, консервы;191 кКал;17,4 г;13,4 г;0,2 г
Баранина и дичь;Баранина тушеная, по 1-422;170 кКал;10,3 г;12,7 г;3,6 г
Баранина и дичь;Баранина, голяшка;201 кКал;18,58 г;13,49 г;0 г
Баранина и дичь;Баранина, голяшка, запеченная;225 кКал;26,41 г;12,45 г;0 г
Баранина и дичь;Баранина, голяшка, только мясо;125 кКал;20,52 г;4,19 г;0 г
Баранина и дичь;Баранина, голяшка, только мясо, запеченная;180 кКал;28,17 г;6,67 г;0 г
Баранина и дичь;Баранина, грудинка мякоть;288 кКал;14 г;25,8 г;0 г
Баранина и дичь;Баранина, корейка;310 кКал;16,32 г;26,63 г;0 г
Баранина и дичь;Баранина, корейка мякоть;255 кКал;15,9 г;21,5 г;0 г
Баранина и дичь;Баранина, корейка, жаренная на открытом огне;316 кКал;25,17 г;23,08 г;0 г
Баранина и дичь;Баранина, корейка, запеченная;309 кКал;22,55 г;23,59 г;0 г
Баранина и дичь;Баранина, корейка, мясо и жир, обрезь до 1/8'' жира, отборная, жареная;290 кКал;23,27 г;21,12 г;0 г
Баранина и дичь;Баранина, корейка, мясо и жир, обрезь до 1/8'' жира, отборная, жареная на открытом огне;297 кКал;26,06 г;20,61 г;0 г
Баранина и дичь;Баранина, корейка, мясо и жир, обрезь до 1/8'' жира, отборная, сырая;279 кКал;17,18 г;22,75 г;0 г
Баранина и дичь;Баранина, корейка, только мясо;143 кКал;20,88 г;5,94 г;0 г
Баранина и дичь;Баранина, корейка, только мясо, жаренная на открытом огне;216 кКал;29,99 г;9,73 г;0 г
Баранина и дичь;Баранина, корейка, только мясо, запеченная;202 кКал;26,59 г;9,76 г;0 г
Баранина и дичь;Баранина, котлетное мясо;238 кКал;16 г;19,3 г;0 г
Баранина и дичь;Баранина, лопаточная часть;199 кКал;16,1 г;14,9 г;0 г
Баранина и дичь;Баранина, нога целая (с голяшкой и оковалком);230 кКал;17,91 г;17,07 г;0 г
Баранина и дичь;Баранина, нога целая (с голяшкой и оковалком), запеченная;258 кКал;25,55 г;16,48 г;0 г
Баранина и дичь;Баранина, нога целая (с голяшкой и оковалком), только мясо;128 кКал;20,56 г;4,51 г;0 г
Баранина и дичь;Баранина, нога целая (с голяшкой и оковалком), только мясо, запеченная;191 кКал;28,3 г;7,74 г;0 г
Баранина и дичь;Баранина, пашина;205 кКал;17,6 г;14,9 г;0 г
Баранина и дичь;Баранина, плечевая и лопаточная части;264 кКал;16,58 г;21,45 г;0 г
Баранина и дичь;Баранина, плечевая и лопаточная части, жаренная на открытом огне;278 кКал;24,42 г;19,26 г;0 г
Баранина и дичь;Баранина, плечевая и лопаточная части, жаренная на открытом огне;210 кКал;27,12 г;10,5 г;0 г
Баранина и дичь;Баранина, плечевая и лопаточная части, запеченная;276 кКал;22,51 г;19,97 г;0 г
Баранина и дичь;Баранина, плечевая и лопаточная части, только мясо;144 кКал;19,55 г;6,76 г;0 г
Баранина и дичь;Баранина, плечевая и лопаточная части, только мясо, запеченная;204 кКал;24,94 г;10,77 г;0 г
Баранина и дичь;Баранина, плечевая и лопаточная части, только мясо, тушеная;283 кКал;32,81 г;15,89 г;0 г
Баранина и дичь;Баранина, плечевая и лопаточная части, тушеная;344 кКал;28,68 г;24,55 г;0 г
Баранина и дичь;Баранина, ребра;372 кКал;14,52 г;34,39 г;0 г
Баранина и дичь;Баранина, ребра, жаренные на открытом огне;361 кКал;22,13 г;29,59 г;0 г
Баранина и дичь;Баранина, ребра, запеченные;359 кКал;21,12 г;29,82 г;0 г
Баранина и дичь;Баранина, ребра, только мясо;169 кКал;19,98 г;9,23 г;0 г
Баранина и дичь;Баранина, ребра, только мясо, жаренные на открытом огне;235 кКал;27,74 г;12,95 г;0 г
Баранина и дичь;Баранина, ребра, только мясо, запеченные;232 кКал;26,16 г;13,31 г;0 г
Баранина и дичь;Баранина, рулька;201 кКал;18,91 г;13,38 г;0 г
Баранина и дичь;Баранина, рулька тушеная;243 кКал;28,37 г;13,46 г;0 г
Баранина и дичь;Баранина, рулька, только мясо;120 кКал;21,08 г;3,29 г;0 г
Баранина и дичь;Баранина, рулька, только мясо, тушеная;187 кКал;31,01 г;6,02 г;0 г
Баранина и дичь;Баранина, спинная часть;254 кКал;16,5 г;20,9 г;0 г
Баранина и дичь;Баранина, тазобедренная и лопаточная части, только мясо, нарезанное кубиками;134 кКал;20,21 г;5,28 г;0 г
Баранина и дичь;Баранина, тазобедренная и лопаточная части, только мясо, нарезанное кубиками, жаренная на открытом огне;186 кКал;28,08 г;7,33 г;0 г
Баранина и дичь;Баранина, тазобедренная и лопаточная части, только мясо, нарезанное кубиками, тушеная;223 кКал;33,69 г;8,8 г;0 г
Баранина и дичь;Баранина, тазобедренная часть;198 кКал;17 г;14,4 г;0 г
Баранина и дичь;Баранина, филейная часть, Новая зеландия, замороженная, мясо и жир, жаренная на открытом огне;315 кКал;23,43 г;23,88 г;0 г
Баранина и дичь;Баранина, филейная часть, Новая зеландия, замороженная, мясо и жир, обрезь до 1/8'' жира, жаренная на открытом огне;296 кКал;24,41 г;21,28 г;0 г
Баранина и дичь;Баранина, филейная часть, Новая зеландия, замороженная, мясо и жир, обрезь до 1/8'' жира, сырая;273 кКал;17,18 г;22,1 г;0 г
Баранина и дичь;Баранина, филейная часть, Новая зеландия, замороженная, мясо и жир, сырая;298 кКал;15,4 г;26,19 г;0,22 г
Баранина и дичь;Баранина, филейная часть, Новая зеландия, замороженная, только мясо, жаренная на открытом огне;199 кКал;29,31 г;8,24 г;0 г
Баранина и дичь;Баранина, филейная часть, Новая зеландия, замороженная, только мясо, сырая;142 кКал;19,98 г;6,88 г;0 г
Баранина и дичь;Баранина, шейная часть;208 кКал;15,4 г;16,3 г;0 г
Баранина и дичь;Белка;120 кКал;21,23 г;3,21 г;0 г
Баранина и дичь;Белка, запеченная;173 кКал;30,77 г;4,69 г;0 г
Баранина и дичь;Бизон, мякоть плечевой части, только мясо;119 кКал;21,12 г;3,15 г;0 г
Баранина и дичь;Бизон, мякоть плечевой части, только мясо;109 кКал;21,1 г;2,1 г;0 г
Баранина и дичь;Бизон, мякоть плечевой части, только мясо, тушеная;193 кКал;33,78 г;5,43 г;0 г
Баранина и дичь;Бизон, стейк из верхней части бедра, только мясо;122 кКал;23,32 г;2,43 г;0 г
Баранина и дичь;Бизон, стейк из верхней части бедра, только мясо, жаренный на открытом огне;174 кКал;30,18 г;4,96 г;0 г
Баранина и дичь;Бизон, стейк из верхней части оковалка, только мясо, жаренный на открытом огне;171 кКал;28,05 г;5,65 г;0 г
Баранина и дичь;Бизон, стейк из рибая (реберная сердцевина, глазок), только мясо;116 кКал;22,1 г;2,4 г;0 г
Баранина и дичь;Бизон, стейк из рибая (реберная сердцевина, глазок), только мясо, жареный на открытом огне;177 кКал;29,45 г;5,67 г;0 г
Баранина и дичь;Бизон, только мясо;109 кКал;21,62 г;1,84 г;0 г
Баранина и дичь;Бизон, только мясо, запеченное;143 кКал;28,44 г;2,42 г;0 г
Баранина и дичь;Бобер;146 кКал;24,05 г;4,8 г;0 г
Баранина и дичь;Бобер, запеченный;212 кКал;34,85 г;6,96 г;0 г
Баранина и дичь;Буйвол, стейк из верхней части бедра (Шошони-Баннок);97 кКал;21,44 г;1,3 г;0 г
Баранина и дичь;Буйвол, стейк из верхней части бедра приготовленный (Шошони-Баннок);146 кКал;32,51 г;1,8 г;0 г
Баранина и дичь;Буйволятина, 1 категории;195 кКал;19 г;13,2 г;0 г
Баранина и дичь;Буйволятина, 2 категории;135 кКал;20,8 г;5,8 г;0 г
Баранина и дичь;Буффало, гибрид бизона и коровы, мясной набор;143 кКал;23,3 г;4,8 г;0 г
Баранина и дичь;Буффало, гибрид бизона и коровы, мясной набор, запеченный;188 кКал;30,66 г;6,32 г;0 г
Баранина и дичь;Верблюжатина 1 категории;160 кКал;18,9 г;9,4 г;0 г
Баранина и дичь;Водяной буйвол;99 кКал;20,39 г;1,37 г;0 г
Баранина и дичь;Водяной буйвол, запеченный;131 кКал;26,83 г;1,8 г;0 г
Баранина и дичь;Глаза оленя карибу (Аляска);326 кКал;10,8 г;31,4 г;0 г
Баранина и дичь;Голяшка, баранина, мясо и жир, обрезь до 1/8'' жира, жаренная;217 кКал;26,73 г;11,4 г;0 г
Баранина и дичь;Голяшка, баранина, мясо и жир, обрезь до 1/8'' жира, сырая;185 кКал;18,99 г;11,5 г;0 г
Баранина и дичь;Гуляш бараний, консервы;213 кКал;14,2 г;15,6 г;3,9 г
Баранина и дичь;Енот, запеченный;255 кКал;29,2 г;14,5 г;0 г
Баранина и дичь;Жир бараний приготовленный, Австралия;639 кКал;9,42 г;66,4 г;0 г
Баранина и дичь;Жир бараний сырой, Австралия;648 кКал;6,27 г;68,87 г;0 г
Баранина и дичь;Завтрак туриста (баранина), консервы;210 кКал;18 г;15,2 г;0,2 г
Баранина и дичь;Кабан;122 кКал;21,51 г;3,33 г;0 г
Баранина и дичь;Кабан, запеченный;160 кКал;28,3 г;4,38 г;0 г
Баранина и дичь;Карибу (канадский олень);127 кКал;22,63 г;3,36 г;0 г
Баранина и дичь;Карибу (канадский олень), запеченный;167 кКал;29,77 г;4,42 г;0 г
Баранина и дичь;Карибу, костный мозг (Аляска);786 кКал;6,7 г;84,4 г;0 г
Баранина и дичь;Карибу, мясо задней четвертины, приготовленное (Аляска);159 кКал;28,81 г;4,82 г;0 г
Баранина и дичь;Карибу, огузок (кострец), наполовину высушенный (Аляска);255 кКал;52,06 г;5,23 г;0 г
Баранина и дичь;Карибу, окорок (Аляска);122 кКал;22,63 г;3,37 г;0 г
Баранина и дичь;Козлятина;109 кКал;20,6 г;2,31 г;0 г
Баранина и дичь;Козлятина, запеченная;143 кКал;27,1 г;3,03 г;0 г
Баранина и дичь;Конина;133 кКал;21,39 г;4,6 г;0 г
Баранина и дичь;Конина 1 кат.;167 кКал;19,5 г;9,9 г;0 г
Баранина и дичь;Конина 2 кат.;121 кКал;20,9 г;4,1 г;0 г
Баранина и дичь;Конина тушеная, консервы;150 кКал;18,7 г;8,4 г;0 г
Баранина и дичь;Конина, запеченная;175 кКал;28,14 г;6,05 г;0 г
Баранина и дичь;Котлеты отбивные из баранины, по 1-416;394 кКал;20,6 г;30,6 г;9,1 г
Баранина и дичь;Котлеты рубленые из баранины, по 1-442;240 кКал;13,6 г;14,8 г;12,9 г
Баранина и дичь;Кролик жареный, по 2-18;241 кКал;31,5 г;12,7 г;0,1 г
Баранина и дичь;Кролик отварной, по 2-6;194 кКал;25,5 г;10,4 г;0 г
Баранина и дичь;Кролик, дикий;114 кКал;21,79 г;2,32 г;0 г
Баранина и дичь;Кролик, дикий, тушеный;173 кКал;33,02 г;3,51 г;0 г
Баранина и дичь;Легкое баранье;83 кКал;15,6 г;2,3 г;0 г
Баранина и дичь;Легкое баранье;95 кКал;16,7 г;2,6 г;0 г
Баранина и дичь;Легкое баранье, тушеное;113 кКал;19,88 г;3,1 г;0 г
Баранина и дичь;Лось;111 кКал;22,95 г;1,45 г;0 г
Баранина и дичь;Лось, вырезка, только мясо, жаренный на открытом огне;162 кКал;30,76 г;3,41 г;0 г
Баранина и дичь;Лось, запеченный;146 кКал;30,19 г;1,9 г;0 г
Баранина и дичь;Лось, корейка, только мясо, жаренный на открытом огне;167 кКал;31 г;3,84 г;0 г
Баранина и дичь;Лось, тазобедренный отруб, только мясо, жаренный на открытом огне;156 кКал;30,94 г;2,64 г;0 г
Баранина и дичь;Медведь;161 кКал;20,1 г;8,3 г;0 г
Баранина и дичь;Медведь полярный (белый) (Аляска);130 кКал;25,6 г;3,1 г;0 г
Баранина и дичь;Медведь, приготовленный на медленном огне;259 кКал;32,42 г;13,39 г;0 г
Баранина и дичь;Медведь, черный (Аляска);155 кКал;20,1 г;8,3 г;0 г
Баранина и дичь;Мозги бараньи;123 кКал;9,7 г;9,4 г;0 г
Баранина и дичь;Мозги бараньи, жаренные на сковороде;273 кКал;16,97 г;22,19 г;0 г
Баранина и дичь;Мозги бараньи, тушеные;145 кКал;12,55 г;10,17 г;0 г
Баранина и дичь;Мозги, бараньи;122 кКал;10,4 г;8,58 г;0 г
Баранина и дичь;Мясной набор, баранина, мясо и жир, обрезь до 1/4'' жира, отборная, вареная;294 кКал;24,52 г;20,94 г;0 г
Баранина и дичь;Мясной набор, баранина, мясо и жир, обрезь до 1/4'' жира, отборная, сырая;267 кКал;16,88 г;21,59 г;0 г
Баранина и дичь;Мясной набор, баранина, мясо и жир, обрезь до 1/8'' жира, отборная, вареная;271 кКал;25,51 г;18,01 г;0 г
Баранина и дичь;Мясной набор, баранина, мясо и жир, обрезь до 1/8'' жира, отборная, сырая;243 кКал;17,54 г;18,66 г;0 г
Баранина и дичь;Мясной набор, баранина, Новая Зеландия, замороженная, мясо и жир, вареная;305 кКал;24,42 г;22,26 г;0 г
Баранина и дичь;Мясной набор, баранина, Новая Зеландия, замороженная, мясо и жир, обрезь до 1/8'' жира, отборная, вареная;270 кКал;25,26 г;17,98 г;0 г
Баранина и дичь;Мясной набор, баранина, Новая Зеландия, замороженная, мясо и жир, обрезь до 1/8'' жира, отборная, сырая;232 кКал;17,95 г;17,2 г;0 г
Баранина и дичь;Мясной набор, баранина, Новая Зеландия, замороженная, мясо и жир, сырая;277 кКал;16,74 г;22,74 г;0 г
Баранина и дичь;Мясной набор, баранина, Новая Зеландия, замороженная, только жир, вареная;586 кКал;9,72 г;60,39 г;0 г
Баранина и дичь;Мясной набор, баранина, Новая Зеландия, замороженная, только жир, сырая;640 кКал;6,92 г;67,63 г;0 г
Баранина и дичь;Мясной набор, баранина, Новая Зеландия, замороженная, только мясо, вареная;206 кКал;29,59 г;8,86 г;0 г
Баранина и дичь;Мясной набор, баранина, Новая Зеландия, замороженная, только мясо, сырая;128 кКал;20,75 г;4,41 г;0 г
Баранина и дичь;Мясной набор, баранина, только жир, обрезь до 1/4'' жира, отборная, вареная;586 кКал;12,16 г;59,18 г;0 г
Баранина и дичь;Мясной набор, баранина, только жир, обрезь до 1/4'' жира, отборная, сырая;665 кКал;6,65 г;70,61 г;0 г
Баранина и дичь;Мясной набор, баранина, только мясо, обрезь до 1/4'' жира, отборная, вареная;206 кКал;28,22 г;9,52 г;0 г
Баранина и дичь;Мясной набор, баранина, только мясо, обрезь до 1/4'' жира, отборная, сырая;134 кКал;20,29 г;5,25 г;0 г
Баранина и дичь;Мясо косули;138 кКал;21,1 г;6 г;0 г
Баранина и дичь;Мясо кролика;183 кКал;21,2 г;11 г;0 г
Баранина и дичь;Мясо лося;101 кКал;21,4 г;1,7 г;0 г
Баранина и дичь;Мясо сайгака;208 кКал;21,2 г;13,7 г;0 г
Баранина и дичь;Мясо яка;112 кКал;20 г;3,5 г;0 г
Баранина и дичь;Нога передняя, с лопаткой, баранина, мясо и жир, обрезь до 1/8'' жира, жаренная;269 кКал;22,7 г;19,08 г;0 г
Баранина и дичь;Нога передняя, с лопаткой, баранина, мясо и жир, обрезь до 1/8'' жира, жаренная на открытом огне;268 кКал;23,84 г;18,39 г;0 г
Баранина и дичь;Нога передняя, с лопаткой, баранина, мясо и жир, обрезь до 1/8'' жира, сырая;244 кКал;17,07 г;18,96 г;0 г
Баранина и дичь;Нога передняя, с лопаткой, баранина, мясо и жир, обрезь до 1/8'' жира, тушеная;338 кКал;29,46 г;23,57 г;0 г
Баранина и дичь;Нога, передняя, с лопаткой, баранина, Новая Зеландия, замороженная, мясо и жир, обрезь до 1/8'' жира, сырая;251 кКал;17,19 г;19,74 г;0 г
Баранина и дичь;Нога, передняя, с лопаткой, баранина, Новая Зеландия, замороженная, мясо и жир, обрезь до 1/8'' жира, тушеная;342 кКал;29,43 г;24,03 г;0 г
Баранина и дичь;Нога, передняя, с лопаткой, баранина, Новая Зеландия, замороженная, мясо и жир, сырая;272 кКал;16,16 г;22,89 г;0,24 г
Баранина и дичь;Нога, передняя, с лопаткой, баранина, Новая Зеландия, замороженная, мясо и жир, тушеная;357 кКал;28,21 г;26,27 г;0 г
Баранина и дичь;Нога, передняя, с лопаткой, баранина, Новая Зеландия, замороженная, только мясо, сырая;154 кКал;19,72 г;8,3 г;0 г
Баранина и дичь;Нога, передняя, с лопаткой, баранина, Новая Зеландия, замороженная, только мясо, тушеная;285 кКал;34,06 г;15,5 г;0 г
Баранина и дичь;Нога, целая, баранина, мясо и жир, обрезь до 1/8'' жира, отборная, жаренная;242 кКал;26,2 г;14,42 г;0 г
Баранина и дичь;Нога, целая, баранина, мясо и жир, обрезь до 1/8'' жира, отборная, сырая;209 кКал;18,47 г;14,42 г;0 г
Баранина и дичь;Нога, целая, баранина, Новая Зеландия, замороженная, мясо и жир, жаренная;246 кКал;24,81 г;15,56 г;0 г
Баранина и дичь;Нога, целая, баранина, Новая Зеландия, замороженная, мясо и жир, обрезь до 1/8" жира, жаренная;234 кКал;25,34 г;13,95 г;0 г
Баранина и дичь;Нога, целая, баранина, Новая Зеландия, замороженная, мясо и жир, обрезь до 1/8" жира, сырая;201 кКал;18,76 г;13,37 г;0 г
Баранина и дичь;Нога, целая, баранина, Новая Зеландия, замороженная, мясо и жир, сырая;206 кКал;18,64 г;14,52 г;0,13 г
Баранина и дичь;Нога, целая, баранина, Новая Зеландия, замороженная, только мясо, жаренная;181 кКал;27,68 г;7,01 г;0 г
Баранина и дичь;Нога, целая, баранина, Новая Зеландия, замороженная, только мясо, сырая;126 кКал;21,1 г;4,64 г;0 г
Баранина и дичь;Оленина 1 кат.;155 кКал;19,5 г;8,5 г;0 г
Баранина и дичь;Оленина тушеная, консервы;171 кКал;19,3 г;10,4 г;0 г
Баранина и дичь;Оленина, 2 категории;125 кКал;21 г;4,5 г;0 г
Баранина и дичь;Олень, (лань);120 кКал;22,96 г;2,42 г;0 г
Баранина и дичь;Олень, (лань), запеченный;158 кКал;30,21 г;3,19 г;0 г
Баранина и дичь;Олень, (лань), мякоть плечевой части, только мясо, тушеный;191 кКал;36,28 г;3,95 г;0 г
Баранина и дичь;Олень, (лань), стейк из верхней части бедра, только мясо, жареный на открытом огне;152 кКал;31,47 г;1,92 г;0 г
Баранина и дичь;Олень, (лань), стейк из филея, только мясо, жаренный на открытом огне;150 кКал;30,2 г;2,38 г;0 г
Баранина и дичь;Олень, сырой, (Аляска, Ситка);116 кКал;21,5 г;2,66 г;0 г
Баранина и дичь;Ондатра (выхухоль);162 кКал;20,76 г;8,1 г;0 г
Баранина и дичь;Ондатра (выхухоль), запеченная;234 кКал;30,09 г;11,74 г;0 г
Баранина и дичь;Опоссум, запеченный;221 кКал;30,2 г;10,2 г;0 г
Баранина и дичь;Печень баранья;101 кКал;18,7 г;2,9 г;0 г
Баранина и дичь;Печень баранья;139 кКал;20,38 г;5,02 г;1,78 г
Баранина и дичь;Печень баранья, жаренная  на сковороде;238 кКал;25,53 г;12,65 г;3,78 г
Баранина и дичь;Печень баранья, тушеная;220 кКал;30,57 г;8,81 г;2,53 г
Баранина и дичь;Печень северного оленя карибу, (Аляска);122 кКал;15 г;3,9 г;6,8 г
Баранина и дичь;Поджарка из баранины, по 1-408;409 кКал;19,5 г;35,1 г;3,9 г
Баранина и дичь;Поджелудочная железа баранья;152 кКал;14,84 г;9,82 г;0 г
Баранина и дичь;Поджелудочная железа баранья тушеная;234 кКал;22,83 г;15,12 г;0 г
Баранина и дичь;Почки бараньи;77 кКал;13,6 г;2,5 г;0 г
Баранина и дичь;Почки бараньи;97 кКал;15,74 г;2,95 г;0,82 г
Баранина и дичь;Почки бараньи, тушеные;137 кКал;23,65 г;3,62 г;0,99 г
Баранина и дичь;Рагу из баранины, по 1-430;152 кКал;5,1 г;10,1 г;10,1 г
Баранина и дичь;Рагу из кролика, по 2-10;123 кКал;6,4 г;6,1 г;10,4 г
Баранина и дичь;Ребра, баранина, мясо и жир, обрезь до 1/8'' жира, отборная, жаренная;341 кКал;21,82 г;27,53 г;0 г
Баранина и дичь;Ребра, баранина, мясо и жир, обрезь до 1/8'' жира, отборная, жаренная на открытом огне;340 кКал;23,06 г;26,82 г;0 г
Баранина и дичь;Ребра, баранина, мясо и жир, обрезь до 1/8'' жира, отборная, сырая;342 кКал;15,32 г;30,71 г;0 г
Баранина и дичь;Ребра, баранина, Новая Зеландия, замороженная, мясо и жир, жаренная;253 кКал;22,06 г;18,29 г;0,04 г
Баранина и дичь;Ребра, баранина, Новая Зеландия, замороженная, мясо и жир, обрезь дл 1/8'' жира, жаренная;317 кКал;19,86 г;25,74 г;0 г
Баранина и дичь;Ребра, баранина, Новая Зеландия, замороженная, мясо и жир, обрезь дл 1/8'' жира, сырая;311 кКал;15,87 г;27 г;0 г
Баранина и дичь;Ребра, баранина, Новая Зеландия, замороженная, мясо и жир, сырая;240 кКал;18,12 г;18,52 г;0,13 г
Баранина и дичь;Ребра, баранина, Новая Зеландия, замороженная, только мясо, жаренная;196 кКал;24,42 г;10,16 г;0 г
Баранина и дичь;Ребра, баранина, Новая Зеландия, замороженная, только мясо, сырая;160 кКал;20,65 г;8,61 г;0 г
Баранина и дичь;Рубец бараний;82 кКал;11,5 г;4 г;0 г
Баранина и дичь;Рулька, баранина, мясо и жир, обрезь до 1/4" жира, отборная, сырая;201 кКал;18,91 г;13,38 г;0 г
Баранина и дичь;Рулька, баранина, мясо и жир, обрезь до 1/4" жира, отборная, тушеная;243 кКал;28,37 г;13,46 г;0 г
Баранина и дичь;Рулька, баранина, Новая Зеландия, замороженная, мясо и жир, обрезь до 1/8" жира, сырая;223 кКал;18,04 г;16,15 г;0 г
Баранина и дичь;Рулька, баранина, Новая Зеландия, замороженная, мясо и жир, обрезь до 1/8" жира, тушеная;258 кКал;26,97 г;15,83 г;0 г
Баранина и дичь;Рулька, баранина, Новая Зеландия, замороженная, мясо и жир, сырая;183 кКал;20,09 г;11,38 г;0,09 г
Баранина и дичь;Рулька, баранина, Новая Зеландия, замороженная, мясо и жир, тушеная;258 кКал;26,97 г;15,83 г;0 г
Баранина и дичь;Рулька, баранина, Новая Зеландия, замороженная, только мясо, сырая;122 кКал;22,05 г;3,77 г;0 г
Баранина и дичь;Рулька, баранина, Новая Зеландия, замороженная, только мясо, тушеная;209 кКал;33,31 г;8,4 г;0 г
Баранина и дичь;Селезенка баранья;101 кКал;17,2 г;3,1 г;0 г
Баранина и дичь;Селезенка баранья, тушеная;156 кКал;26,46 г;4,77 г;0 г
Баранина и дичь;Сердце баранье;86 кКал;13,5 г;3,5 г;0 г
Баранина и дичь;Сердце баранье;122 кКал;16,47 г;5,68 г;0,21 г
Баранина и дичь;Сердце баранье, тушеное;185 кКал;24,97 г;7,91 г;1,93 г
Баранина и дичь;Фарш из баранины;282 кКал;16,56 г;23,41 г;0 г
Баранина и дичь;Фарш из баранины, жаренный на открытом огне;283 кКал;24,75 г;19,65 г;0 г
Баранина и дичь;Фарш из мяса белки (Аляска);111 кКал;19,3 г;3,8 г;0 г
Баранина и дичь;Фарш из мяса бизона;223 кКал;18,67 г;15,93 г;0 г
Баранина и дичь;Фарш из мяса бизона, жаренный на сковороде;238 кКал;23,77 г;15,13 г;0 г
Баранина и дичь;Фарш из мяса зубра пастбищного;146 кКал;20,23 г;7,21 г;0,05 г
Баранина и дичь;Фарш из мяса зубра пастбищного, приготовленный;179 кКал;25,45 г;8,62 г;0 г
Баранина и дичь;Фарш из мяса лося;172 кКал;21,76 г;8,82 г;0 г
Баранина и дичь;Фарш из мяса лося, жаренный на сковороде;193 кКал;26,64 г;8,74 г;0 г
Баранина и дичь;Фарш из мяса оленя (лани);157 кКал;21,78 г;7,13 г;0 г
Баранина и дичь;Фарш из мяса оленя (лани), жаренный на сковороде;187 кКал;26,45 г;8,22 г;0 г
Баранина и дичь;Шницель отбивной из баранины, по 1-416;333 кКал;21,8 г;23,2 г;9,1 г
Баранина и дичь;Ягнятина;196 кКал;17,2 г;14,1 г;0 г
Баранина и дичь;Ягнятина, лопаточная часть;259 кКал;16,63 г;20,86 г;0 г
Баранина и дичь;Ягнятина, лопаточная часть жаренная на открытом огне;278 кКал;23,08 г;19,94 г;0 г
Баранина и дичь;Ягнятина, лопаточная часть только мясо;151 кКал;19,29 г;7,63 г;0 г
Баранина и дичь;Ягнятина, лопаточная часть только мясо, жаренная на открытом огне;211 кКал;25,48 г;11,32 г;0 г
Баранина и дичь;Ягнятина, лопаточная часть только мясо, запеченная;209 кКал;24,61 г;11,57 г;0 г
Баранина и дичь;Ягнятина, лопаточная часть, запеченная;281 кКал;22,25 г;20,61 г;0 г
Баранина и дичь;Ягнятина, лопаточная часть, только мясо, тушеная;288 кКал;32,35 г;16,64 г;0 г
Баранина и дичь;Ягнятина, лопаточная часть, тушеная;345 кКал;28,51 г;24,73 г;0 г
Баранина и дичь;Ягнятина, окорок;272 кКал;16,94 г;22,11 г;0 г
Баранина и дичь;Ягнятина, окорок, запеченный;292 кКал;24,63 г;20,67 г;0 г
Баранина и дичь;Ягнятина, окорок, только мясо, запеченный;204 кКал;28,35 г;9,17 г;0 г
Баранина и дичь;Ягнятина, плечевая часть;260 кКал;16,79 г;20,9 г;0 г
Баранина и дичь;Ягнятина, плечевая часть, жаренная на открытом огне;281 кКал;24,44 г;19,55 г;0 г
Баранина и дичь;Ягнятина, плечевая часть, запеченная;279 кКал;22,53 г;20,24 г;0 г
Баранина и дичь;Ягнятина, плечевая часть, только мясо;132 кКал;19,99 г;5,2 г;0 г
Баранина и дичь;Ягнятина, плечевая часть, только мясо, жаренная на открытом огне;200 кКал;27,71 г;9,02 г;0 г
Баранина и дичь;Ягнятина, плечевая часть, только мясо, запеченная;192 кКал;25,46 г;9,26 г;0 г
Баранина и дичь;Ягнятина, плечевая часть, только мясо, тушеная;279 кКал;35,54 г;14,08 г;0 г
Баранина и дичь;Ягнятина, плечевая часть, тушеная;346 кКал;30,39 г;24 г;0 г
Баранина и дичь;Язык бараний;195 кКал;12,6 г;16,1 г;0 г
Баранина и дичь;Язык бараний;222 кКал;15,7 г;17,17 г;0 г
Баранина и дичь;Язык бараний тушеный;275 кКал;21,57 г;20,28 г;0 г
Баранина и дичь;Язык оленя карибу (Аляска);260 кКал;13,7 г;22,8 г;0 г
Бобовые;LOMA LINDA Большие сосиски, низкожирные, консервированные, неприготовленные;154 кКал;23,1 г;4,7 г;4,9 г
Бобовые;MORI-NU, Тофу, мягкий, шелковый;55 кКал;4,8 г;2,7 г;2,9 г
Бобовые;MORI-NU, Тофу, твердый, шелковый;62 кКал;6,9 г;2,7 г;2,4 г
Бобовые;MORI-NU, Тофу, экстра твердый, шелковый;55 кКал;7,4 г;1,9 г;2 г
Бобовые;Арахис;552 кКал;26,3 г;45,2 г;9,9 г
Бобовые;Арахис;567 кКал;25,8 г;49,24 г;7,63 г
Бобовые;Арахис валенсия;570 кКал;25,09 г;47,58 г;12,21 г
Бобовые;Арахис валенсия жаренный на масле, без соли;589 кКал;27,04 г;51,24 г;7,4 г
Бобовые;Арахис валенсия жареный на масле, с солью;589 кКал;27,04 г;51,24 г;7,4 г
Бобовые;Арахис вареный, с солью;318 кКал;13,5 г;22,01 г;12,46 г
Бобовые;Арахис вирджиния;563 кКал;25,19 г;48,75 г;8,04 г
Бобовые;Арахис вирджиния жареный на масле, без соли;578 кКал;25,87 г;48,62 г;10,96 г
Бобовые;Арахис вирджиния, жареный на масле, с солью;578 кКал;25,87 г;48,62 г;10,96 г
Бобовые;Арахис жареный;626 кКал;26 г;52 г;13,4 г
Бобовые;Арахис жареный без масла, без соли;587 кКал;24,35 г;49,66 г;12,86 г
Бобовые;Арахис жареный без масла, с солью;587 кКал;24,35 г;49,66 г;12,86 г
Бобовые;Арахис жареный на масле, без соли;599 кКал;28,03 г;52,5 г;5,86 г
Бобовые;Арахис жареный на масле, с солью;599 кКал;28,03 г;52,5 г;5,86 г
Бобовые;Арахис испанский;570 кКал;26,15 г;49,6 г;6,33 г
Бобовые;Арахис испанский, жареный на масле, без соли;579 кКал;28,01 г;49,04 г;8,55 г
Бобовые;Арахис испанский, жареный на масле, с солью;579 кКал;28,01 г;49,04 г;8,55 г
Бобовые;Арахисовая мука обезжиренная;327 кКал;52,2 г;0,55 г;18,9 г
Бобовые;Арахисовая мука с низким содерж. жира;428 кКал;33,8 г;21,9 г;15,47 г
Бобовые;Арахисовая паста без соли;598 кКал;22,21 г;51,36 г;17,31 г
Бобовые;Арахисовая паста обогащенная витаминами и минералами;591 кКал;25,72 г;50,81 г;13,15 г
Бобовые;Арахисовая паста с кусочками орехов, без соли;589 кКал;24,06 г;49,94 г;13,57 г
Бобовые;Арахисовая паста с кусочками орехов, обогащенное витаминами и минералами;593 кКал;26,06 г;51,47 г;11,99 г
Бобовые;Арахисовая паста с кусочками орехов, с солью;589 кКал;24,06 г;49,94 г;13,57 г
Бобовые;Арахисовая паста с омега-3;608 кКал;24,47 г;54,17 г;10,9 г
Бобовые;Арахисовая паста с пониж. содерж. жира, 34%;520 кКал;25,9 г;34 г;30,45 г
Бобовые;Арахисовая паста с пониженным содерж. натрия;590 кКал;24 г;49,9 г;15,23 г
Бобовые;Арахисовая паста с солью;598 кКал;22,21 г;51,36 г;17,31 г
Бобовые;Арахисовая паста, стандарт США;588 кКал;21,93 г;49,54 г;18,28 г
Бобовые;Арахисовое масло, паста-спред, с пониженным содерж. сахара;650 кКал;24,8 г;54,89 г;6,43 г
Бобовые;Бекон, из заменителя мяса (из бобовых);309 кКал;11,69 г;29,52 г;2,71 г
Бобовые;Боб садовый (конский) незрелый;72 кКал;5,6 г;0,6 г;7,5 г
Бобовые;Боб садовый (конский) незрелый, вареный, без соли;62 кКал;4,8 г;0,5 г;6,5 г
Бобовые;Боб садовый (конский) незрелый, вареный, с солью;62 кКал;4,8 г;0,5 г;10,1 г
Бобовые;Бобы (фасоль фава);341 кКал;26,12 г;1,53 г;33,29 г
Бобовые;Бобы (фасоль фава), вареные, без соли;110 кКал;7,6 г;0,4 г;14,25 г
Бобовые;Бобы (фасоль фава), вареные, с солью;110 кКал;7,6 г;0,4 г;14,25 г
Бобовые;Бобы (фасоль фава), консервированные;71 кКал;5,47 г;0,22 г;8,71 г
Бобовые;Бобы мунг (маш, фасоль золотистая), зрелые семена, вареные, без доб. соли;105 кКал;7,02 г;0,38 г;11,55 г
Бобовые;Голубиный горох, зрелый;343 кКал;21,7 г;1,49 г;47,78 г
Бобовые;Голубиный горох, зрелый, вареный, без соли;121 кКал;6,76 г;0,38 г;16,55 г
Бобовые;Голубиный горох, зрелый, вареный, с солью;121 кКал;6,76 г;0,38 г;16,55 г
Бобовые;Голубиный горох, неспелый;136 кКал;7,2 г;1,64 г;18,78 г
Бобовые;Голубиный горох, неспелый, вареный, без соли;111 кКал;5,96 г;1,36 г;15,29 г
Бобовые;Голубиный горох, неспелый, вареный, с солью;111 кКал;5,96 г;1,36 г;15,29 г
Бобовые;Горох колотый;364 кКал;23,12 г;3,89 г;39,43 г
Бобовые;Горох колотый, вареный, без соли;118 кКал;8,34 г;0,39 г;12,8 г
Бобовые;Горох колотый, вареный, с солью;116 кКал;8,34 г;0,39 г;12,21 г
Бобовые;Горох лущеный, крупа;299 кКал;23 г;1,6 г;48,1 г
Бобовые;Горох отварной по 1-296;130 кКал;10,5 г;0,8 г;20,4 г
Бобовые;Горох отварной с копченой грудинкой по 1-298;156 кКал;8,4 г;5,7 г;17,8 г
Бобовые;Горох стручковый, вареный, без соли;42 кКал;3,27 г;0,23 г;4,25 г
Бобовые;Горох стручковый, вареный, с солью;40 кКал;3,27 г;0,23 г;3,66 г
Бобовые;Горох стручковый, замороженный, вареный, без соли;52 кКал;3,5 г;0,38 г;5,92 г
Бобовые;Горох стручковый, замороженный, вареный, с солью;50 кКал;3,5 г;0,38 г;5,33 г
Бобовые;Горох стручковый, замороженный, неприготовленный;42 кКал;2,8 г;0,3 г;4,1 г
Бобовые;Горох стручковый, свежий;42 кКал;2,8 г;0,2 г;4,95 г
Бобовые;Горох, зерно цельное;298 кКал;20,5 г;2 г;49,5 г
Бобовые;Горох, проросшие семена;124 кКал;8,8 г;0,68 г;27,11 г
Бобовые;Горох, проросшие семена, вареный, без соли;98 кКал;7,05 г;0,51 г;17,08 г
Бобовые;Горох, проросшие семена, вареный, с солью;98 кКал;7,05 г;0,51 г;17,08 г
Бобовые;Горошек зелёный;81 кКал;5,42 г;0,4 г;8,75 г
Бобовые;Горошек зелёный с морковью, консервы;38 кКал;2,17 г;0,27 г;6,48 г
Бобовые;Горошек зеленый свежий;73 кКал;5 г;0,2 г;12,8 г
Бобовые;Горошек зеленый сушеный;305 кКал;35 г;0,4 г;40,5 г
Бобовые;Горошек зелёный, вареный, без соли;84 кКал;5,36 г;0,22 г;10,13 г
Бобовые;Горошек зелёный, вареный, с солью;84 кКал;5,36 г;0,22 г;10,13 г
Бобовые;Горошек зелёный, замороженный;77 кКал;5,22 г;0,4 г;9,12 г
Бобовые;Горошек зелёный, замороженный, вареный, без соли;78 кКал;5,15 г;0,27 г;9,76 г
Бобовые;Горошек зелёный, замороженный, вареный, с солью;78 кКал;5,15 г;0,27 г;9,76 г
Бобовые;Горошек зелёный, консервированный;58 кКал;3,01 г;0,48 г;7,3 г
Бобовые;Горошек зелёный, консервированный, без  соли;53 кКал;3,19 г;0,3 г;6,45 г
Бобовые;Горошек зелёный, консервированный, без соли, содержимое без жидкости;69 кКал;4,42 г;0,35 г;8,48 г
Бобовые;Горошек зелёный, консервированный, со специями;50 кКал;3,09 г;0,27 г;7,25 г
Бобовые;Горошек зелёный, консервированный, содержимое без жидкости;68 кКал;4,47 г;0,8 г;6,46 г
Бобовые;Горошек зелёный, консервированный, содержимое без жидкости, промытый водой;71 кКал;4,33 г;0,95 г;11,82 г
Бобовые;Горошек зеленый. Консервы;40 кКал;3,1 г;0,2 г;6,5 г
Бобовые;Ёкан, желе из бобов адзуки (японский десерт);260 кКал;3,29 г;0,12 г;60,72 г
Бобовые;Заменитель мяса;311 кКал;41,71 г;2,97 г;17,21 г
Бобовые;Запеченные бобы, консервированные, без доб. соли;105 кКал;4,8 г;0,4 г;14,99 г
Бобовые;Камедь бобов рожкового дерева;222 кКал;4,62 г;0,65 г;49,08 г
Бобовые;Колбаса, из заменителя мяса;255 кКал;20,28 г;18,16 г;5,29 г
Бобовые;Кормовые бобы, в стучках;88 кКал;7,92 г;0,73 г;10,13 г
Бобовые;Коровий горох (вигна китайская), catjang, зрелый;343 кКал;23,85 г;2,07 г;48,94 г
Бобовые;Коровий горох (вигна китайская), catjang, зрелый, вареный, без соли;117 кКал;8,13 г;0,71 г;16,72 г
Бобовые;Коровий горох (вигна китайская), catjang, зрелый, вареный, с солью;117 кКал;8,13 г;0,71 г;16,72 г
Бобовые;Коровий горох (вигна китайская), листья;29 кКал;4,1 г;0,25 г;4,82 г
Бобовые;Коровий горох (вигна китайская), листья, вареные, без соли;22 кКал;4,67 г;0,1 г;2,8 г
Бобовые;Коровий горох (вигна китайская), листья, вареные, с солью;22 кКал;4,67 г;0,1 г;2,8 г
Бобовые;Коровий горох (вигна китайская), молодые стручки с семенами, вареные, без соли;34 кКал;2,6 г;0,3 г;7 г
Бобовые;Коровий горох (вигна китайская), молодые стручки с семенами, вареные, с солью;34 кКал;2,6 г;0,3 г;7 г
Бобовые;Коровий горох (вигна китайская), молодые стручки с семенами, сырые;44 кКал;3,3 г;0,3 г;6,2 г
Бобовые;Крылатые бобы (спаржевый горох, квадратный горох), зрелые;409 кКал;29,65 г;16,32 г;15,81 г
Бобовые;Крылатые бобы (спаржевый горох, квадратный горох), зрелые, вареные, вареная, без соли;147 кКал;10,62 г;5,84 г;14,94 г
Бобовые;Крылатые бобы (спаржевый горох, квадратный горох), зрелые, вареные, с солью;147 кКал;10,62 г;5,84 г;14,94 г
Бобовые;Крылатые бобы (спаржевый горох, квадратный горох), клубни, сырые;148 кКал;11,6 г;0,9 г;28,1 г
Бобовые;Крылатые бобы (спаржевый горох, квадратный горох), листья, сырые;74 кКал;5,85 г;1,1 г;14,1 г
Бобовые;Крылатые бобы (спаржевый горох, квадратный горох), незрелые;49 кКал;6,95 г;0,87 г;4,31 г
Бобовые;Крылатые бобы (спаржевый горох, квадратный горох), незрелые, вареные, без соли;38 кКал;5,31 г;0,66 г;3,21 г
Бобовые;Крылатые бобы (спаржевый горох, квадратный горох), незрелые, вареные, с солью;37 кКал;5,31 г;0,66 г;3,21 г
Бобовые;Кукуруза желтая, консервированная, промытая водой;64 кКал;2,18 г;1,43 г;11,32 г
Бобовые;Лимская фасоль Фордхук, незрелая, замороженная;106 кКал;6,4 г;0,35 г;14,33 г
Бобовые;Лимская фасоль Фордхук, незрелая, замороженная, вареная без соли;103 кКал;6,07 г;0,34 г;14,02 г
Бобовые;Лимская фасоль Фордхук, незрелая, замороженная, вареная с солью;103 кКал;6,07 г;0,34 г;14,02 г
Бобовые;Лимская фасоль, крупная, зрелая;338 кКал;21,46 г;0,69 г;44,38 г
Бобовые;Лимская фасоль, крупная, зрелая, вареная, без соли;115 кКал;7,8 г;0,38 г;13,88 г
Бобовые;Лимская фасоль, крупная, зрелая, вареная, с солью;115 кКал;7,8 г;0,38 г;13,88 г
Бобовые;Лимская фасоль, крупная, зрелая, консервированная;79 кКал;4,93 г;0,17 г;10,11 г
Бобовые;Лимская фасоль, мелкая, зрелая;335 кКал;20,62 г;0,93 г;42,23 г
Бобовые;Лимская фасоль, мелкая, зрелая, вареная, без соли;126 кКал;8,04 г;0,38 г;15,61 г
Бобовые;Лимская фасоль, мелкая, зрелая, вареная, с солью;126 кКал;8,04 г;0,38 г;15,61 г
Бобовые;Лимская фасоль, мелкая, незрелая, замороженная;132 кКал;7,59 г;0,44 г;19,14 г
Бобовые;Лимская фасоль, мелкая, незрелая, замороженная, вареная, без соли;105 кКал;6,65 г;0,3 г;14,65 г
Бобовые;Лимская фасоль, мелкая, незрелая, замороженная, вареная, с солью;105 кКал;6,65 г;0,3 г;14,65 г
Бобовые;Лимская фасоль, незрелая;113 кКал;6,84 г;0,86 г;15,27 г
Бобовые;Лимская фасоль, незрелая, вареная, без соли;123 кКал;6,81 г;0,32 г;18,24 г
Бобовые;Лимская фасоль, незрелая, вареная, с солью;123 кКал;6,81 г;0,32 г;18,34 г
Бобовые;Лимская фасоль, незрелая, консервированная;71 кКал;4,07 г;0,29 г;9,73 г
Бобовые;Лимская фасоль, незрелая, консервированная, без соли;71 кКал;4,07 г;0,29 г;9,73 г
Бобовые;Лобия (гиацинтовые бобы, египетские бобы) зрелые;344 кКал;23,9 г;1,69 г;35,14 г
Бобовые;Лобия (гиацинтовые бобы, египетские бобы) зрелые вареные, без соли;117 кКал;8,14 г;0,58 г;20,69 г
Бобовые;Лобия (гиацинтовые бобы, египетские бобы) зрелые вареные, с солью;117 кКал;8,14 г;0,58 г;20,7 г
Бобовые;Лобия (гиацинтовые бобы, египетские бобы) незрелые;46 кКал;2,1 г;0,2 г;5,89 г
Бобовые;Лобия (гиацинтовые бобы, египетские бобы) незрелые, вареные, без соли;50 кКал;2,95 г;0,27 г;9,2 г
Бобовые;Лобия (гиацинтовые бобы, египетские бобы) незрелые, вареные, с солью;50 кКал;2,95 г;0,27 г;9,2 г
Бобовые;Люпин (волчий боб), зрелые семена;371 кКал;36,17 г;9,74 г;21,47 г
Бобовые;Люпин (волчий боб), зрелые семена, вареные, без соли;119 кКал;15,57 г;2,92 г;7,08 г
Бобовые;Люпин (волчий боб), зрелые семена, вареные, с солью;116 кКал;15,57 г;2,92 г;6,49 г
Бобовые;Маш (бобы мунг);300 кКал;23,5 г;2 г;46 г
Бобовые;Маш (бобы мунг);347 кКал;23,86 г;1,15 г;46,32 г
Бобовые;Маш (бобы мунг) проросшие семена, вареные, с солью;19 кКал;2,03 г;0,09 г;2,8 г
Бобовые;Маш (бобы мунг) проросшие семена, консервированные, сухой продукт без маринада;12 кКал;1,4 г;0,06 г;1,34 г
Бобовые;Маш (бобы мунг), вареные, с доб. соли;105 кКал;7,02 г;0,38 г;11,55 г
Бобовые;Маш (бобы мунг), проросшие, вареные, без соли;21 кКал;2,03 г;0,09 г;3,39 г
Бобовые;Маш (бобы мунг), проросшие, жареные;50 кКал;4,3 г;0,21 г;8,69 г
Бобовые;Маш (бобы мунг), проросшие, сырые;30 кКал;3,04 г;0,18 г;4,14 г
Бобовые;Маш красный (фасоль адзуки), зрелые семена;329 кКал;19,87 г;0,53 г;50,2 г
Бобовые;Маш красный (фасоль адзуки), зрелые семена, вареный, без соли;128 кКал;7,52 г;0,1 г;17,47 г
Бобовые;Маш красный (фасоль адзуки), зрелые семена, вареный, с солью;128 кКал;7,52 г;0,1 г;17,47 г
Бобовые;Маш красный (фасоль адзуки), зрелые семена, консервированный, подслащенный;237 кКал;3,8 г;0,03 г;55,01 г
Бобовые;Маш чёрный (урд, или маи);341 кКал;25,21 г;1,64 г;40,69 г
Бобовые;Маш чёрный (урд, или маи), вареный, без соли;105 кКал;7,54 г;0,55 г;11,94 г
Бобовые;Мисо;198 кКал;12,79 г;6,01 г;19,97 г
Бобовые;Натто (сброженные соевые бобы);211 кКал;19,4 г;11 г;7,28 г
Бобовые;Нут (турецкий горох);378 кКал;20,47 г;6,04 г;50,75 г
Бобовые;Нут (турецкий горох);309 кКал;20,1 г;4,32 г;46,16 г
Бобовые;Нут (турецкий горох), вареный, без соли;164 кКал;8,86 г;2,59 г;19,82 г
Бобовые;Нут (турецкий горох), вареный, с солью;164 кКал;8,86 г;2,59 г;19,82 г
Бобовые;Нут (турецкий горох), консервированный;88 кКал;4,92 г;1,95 г;9,09 г
Бобовые;Нут (турецкий горох), консервированный, промытый водой;138 кКал;7,04 г;2,47 г;16,57 г
Бобовые;Нут (турецкий горох), консервированный, с пониженным содержанием натрия;88 кКал;4,92 г;1,95 г;9,09 г
Бобовые;Нут (турецкий горох), консервированный, содержимое без жидкости;139 кКал;7,05 г;2,77 г;16,13 г
Бобовые;Нутовая мука;387 кКал;22,39 г;6,69 г;47,02 г
Бобовые;Пападам, тонкая лепёшка из чечевичной муки;371 кКал;25,56 г;3,25 г;41,27 г
Бобовые;Пюре из бобов, мексиканская кухня, консервированное;90 кКал;4,98 г;2,01 г;9,85 г
Бобовые;Пюре из бобов, мексиканская кухня, консервированное, вегетарианское;83 кКал;5,28 г;0,87 г;8,8 г
Бобовые;Пюре из бобов, мексиканская кухня, консервированное, обезжиренное;79 кКал;5,34 г;0,45 г;8,8 г
Бобовые;Сарделька (сосиска), из бобового заменителя мяса;233 кКал;19,61 г;13,73 г;3,8 г
Бобовые;Смесь бобовых (кукуруза, лимская фасоль, горох, зеленые бобы, морковь), консервированная, без добавления соли;37 кКал;1,4 г;0,2 г;4,21 г
Бобовые;Соевая вермишель;331 кКал;0,1 г;0,1 г;78,42 г
Бобовые;Соевая мука необезжиренная;385 кКал;36,5 г;18,6 г;17,9 г
Бобовые;Соевая мука обезжиренная;291 кКал;48,9 г;1 г;21,7 г
Бобовые;Соевая мука полуобезжиренная;334 кКал;43 г;9,5 г;19,1 г
Бобовые;Соевая мука, необезжиренная, поджаренная;439 кКал;38,09 г;21,86 г;20,68 г
Бобовые;Соевая мука, необезжиренная, сырая;434 кКал;37,81 г;20,65 г;22,32 г
Бобовые;Соевая мука, низкожирная;372 кКал;49,81 г;8,9 г;14,63 г
Бобовые;Соевая мука, обезжиренная;327 кКал;51,46 г;1,22 г;16,42 г
Бобовые;Соевое молоко, маложирное, с доб. кальция, витаминов A и D;43 кКал;1,65 г;0,62 г;6,4 г
Бобовые;Соевое молоко, натуральное и ванильное, легкое, неподслащенное, с доб. кальция, витаминов A и D;34 кКал;2,62 г;0,85 г;3,25 г
Бобовые;Соевое молоко, натуральное и ванильное, легкое, с доб. кальция, витаминов A и D;30 кКал;2,38 г;0,77 г;3,21 г
Бобовые;Соевое молоко, натуральное и ванильное, необогащенное;54 кКал;3,27 г;1,75 г;5,68 г
Бобовые;Соевое молоко, натуральное и ванильное, с доб. кальция, витаминов A и D;43 кКал;2,6 г;1,47 г;4,72 г
Бобовые;Соевое молоко, неподслащенное, с доб. кальция, витаминов A и D;33 кКал;2,86 г;1,61 г;1,24 г
Бобовые;Соевое молоко, обезжиренное, с доб. кальция, витаминов A и D;28 кКал;2,47 г;0,04 г;3,94 г
Бобовые;Соевое молоко, обогащенное (витаминами А, С. Е, D, B1, В6, РР, калием, кальцием);45 кКал;2,94 г;1,99 г;3,05 г
Бобовые;Соевое молоко, шоколадное и другие вкусы, легкое, с доб. кальция, витаминов A и D;47 кКал;2,1 г;0,64 г;7,54 г
Бобовые;Соевое молоко, шоколадное, необогащенное;63 кКал;2,26 г;1,53 г;9,55 г
Бобовые;Соевое молоко, шоколадное, обезжиренное, с доб. кальция, витаминов A и D;44 кКал;2,47 г;0,04 г;8,31 г
Бобовые;Соевое молоко, шоколадное, с доб. кальция, витаминов A и D;63 кКал;2,26 г;1,53 г;9,55 г
Бобовые;Соевые бобы, зеленые;147 кКал;12,95 г;6,8 г;6,85 г
Бобовые;Соевые бобы, зеленые, вареные, без соли;141 кКал;12,35 г;6,4 г;6,85 г
Бобовые;Соевые бобы, зеленые, вареные, с солью;141 кКал;12,35 г;6,4 г;6,85 г
Бобовые;Соевые бобы, зрелые;446 кКал;36,49 г;19,94 г;20,86 г
Бобовые;Соевые бобы, зрелые, вареные, без доб. соли;172 кКал;18,21 г;8,97 г;2,36 г
Бобовые;Соевые бобы, зрелые, вареные, с доб. соли;172 кКал;18,21 г;8,97 г;2,36 г
Бобовые;Соевые бобы, зрелые, поджаренные без масла;449 кКал;43,32 г;21,62 г;20,88 г
Бобовые;Соевые бобы, зрелые, поджаренные, без доб. соли;469 кКал;38,55 г;25,4 г;12,52 г
Бобовые;Соевые бобы, зрелые, поджаренные, с доб. соли;469 кКал;38,55 г;25,4 г;12,52 г
Бобовые;Соевые бобы, спелые проросшие семена, жаренные;125 кКал;13,1 г;7,1 г;8,6 г
Бобовые;Соевые бобы, спелые проросшие семена, жаренные, с солью;125 кКал;13,1 г;7,1 г;8,6 г
Бобовые;Соевые бобы, спелые проросшие семена, приготовленные на пару;81 кКал;8,47 г;4,45 г;5,73 г
Бобовые;Соевые бобы, спелые проросшие семена, приготовленные на пару, с солью;81 кКал;8,47 г;4,45 г;5,73 г
Бобовые;Соевые бобы, спелые проросшие семена, сырые;122 кКал;13,09 г;6,7 г;8,47 г
Бобовые;Соевый жмых, обезжиренный;337 кКал;49,2 г;2,39 г;35,89 г
Бобовые;Соевый протеиновый изолят;335 кКал;88,32 г;3,39 г;0 г
Бобовые;Соевый протеиновый концентрат, технология спиртовой экстракции;328 кКал;63,63 г;0,46 г;19,91 г
Бобовые;Соевый творог;151 кКал;12,5 г;8,1 г;6,9 г
Бобовые;Соя, зерно;364 кКал;36,7 г;17,8 г;17,3 г
Бобовые;Спаржевая фасоль вигна;47 кКал;2,8 г;0,4 г;8,35 г
Бобовые;Спаржевая фасоль вигна, вареная, без соли;47 кКал;2,53 г;0,1 г;9,18 г
Бобовые;Спаржевая фасоль вигна, вареная, с солью;47 кКал;2,53 г;0,1 г;9,17 г
Бобовые;Спаржевая фасоль вигна, зрелые семена;347 кКал;24,33 г;1,31 г;50,91 г
Бобовые;Спаржевая фасоль вигна, зрелые семена, вареная с солью;118 кКал;8,29 г;0,45 г;17,29 г
Бобовые;Спаржевая фасоль вигна, зрелые семена, вареная, без соли;118 кКал;8,29 г;0,45 г;17,29 г
Бобовые;Спред для сэндвичей, из заменителя мяса;149 кКал;8 г;9 г;5,7 г
Бобовые;Суккоташ (смесь кукурузы и лимской фасоли), вареная, без соли;115 кКал;5,07 г;0,8 г;19,88 г
Бобовые;Суккоташ (смесь кукурузы и лимской фасоли), вареная, с солью;111 кКал;5,07 г;0,8 г;24,37 г
Бобовые;Суккоташ (смесь кукурузы и лимской фасоли), замороженная;93 кКал;4,31 г;0,89 г;15,94 г
Бобовые;Суккоташ (смесь кукурузы и лимской фасоли), замороженная, вареная, без соли;93 кКал;4,31 г;0,89 г;15,85 г
Бобовые;Суккоташ (смесь кукурузы и лимской фасоли), замороженная, вареная, с солью;93 кКал;4,31 г;0,89 г;15,85 г
Бобовые;Суккоташ (смесь кукурузы и лимской фасоли), с раздавленными зарнами кукурузы, консервированная;77 кКал;2,64 г;0,54 г;14,61 г
Бобовые;Суккоташ (смесь кукурузы и лимской фасоли), с цельными зарнами кукурузы, консервированная;63 кКал;2,6 г;0,49 г;11,38 г
Бобовые;Суккоташ (смесь кукурузы и лимской фасоли), сырая;99 кКал;5,03 г;1,02 г;15,79 г
Бобовые;Темпе;192 кКал;20,29 г;10,8 г;7,64 г
Бобовые;Темпе, приготовленный;195 кКал;19,91 г;11,38 г;7,62 г
Бобовые;Тофу йогурт;94 кКал;3,5 г;1,8 г;15,76 г
Бобовые;Тофу ферментированный (fuyu);116 кКал;8,92 г;8 г;4,38 г
Бобовые;Тофу ферментированный (fuyu), приготовленный с сульфатом кальция;116 кКал;8,15 г;8 г;5,15 г
Бобовые;Тофу, жареный;270 кКал;18,82 г;20,18 г;4,96 г
Бобовые;Тофу, жареный, приготовлен с сульфатом кальция;270 кКал;18,82 г;20,18 г;4,96 г
Бобовые;Тофу, мягкий, приготовленный с сульфатом кальция и хлоридом магния (нигари);61 кКал;7,17 г;3,69 г;0,98 г
Бобовые;Тофу, окара (соевый жмых);76 кКал;3,52 г;1,73 г;12,23 г
Бобовые;Тофу, плотый, приготовленный с сульфатом кальция и хлоридом магния (нигари);78 кКал;9,04 г;4,17 г;1,95 г
Бобовые;Тофу, сушено-замороженный (Коядофу);477 кКал;52,47 г;30,34 г;2,83 г
Бобовые;Тофу, сушено-замороженный (Коядофу), приготовленный с сульфатом кальция;470 кКал;52,43 г;30,34 г;7,1 г
Бобовые;Тофу, сырой, обычный, 8% белка, приготовленный с сульфатом кальция;76 кКал;8,08 г;4,78 г;1,57 г
Бобовые;Тофу, сырой, твёрдый, приготовленный с сульфатом кальция;144 кКал;17,27 г;8,72 г;0,48 г
Бобовые;Тофу, твёрдый 10% белка, приготовленный с сульфатом кальция и хлоридом магния (нигари);83 кКал;9,98 г;5,26 г;0,18 г
Бобовые;Тофу, твердый 12,7% белка, приготовленный с сульфатом кальция и хлоридом магния (нигари);145 кКал;12,68 г;9,99 г;3,79 г
Бобовые;Фалафель домашнего приготовления;333 кКал;13,31 г;17,8 г;31,84 г
Бобовые;Фасолевый отвар из-под тушеной фасоли кидни;47 кКал;1,8 г;3,2 г;2,7 г
Бобовые;Фасоль белая (великие северные бобы), зрелая;339 кКал;21,86 г;1,14 г;42,17 г
Бобовые;Фасоль белая (великие северные бобы), зрелая, вареная, без соли;118 кКал;8,33 г;0,45 г;14,09 г
Бобовые;Фасоль белая (великие северные бобы), зрелая, вареная, с солью;118 кКал;8,33 г;0,45 г;14,09 г
Бобовые;Фасоль белая (великие северные бобы), зрелая, консервированная;114 кКал;7,37 г;0,39 г;16,12 г
Бобовые;Фасоль белая (великие северные бобы), зрелая, консервированная, с пониженным содержанием натрия;114 кКал;7,37 г;0,39 г;16,12 г
Бобовые;Фасоль белая Нэви, зрелые семена;337 кКал;22,33 г;1,5 г;45,45 г
Бобовые;Фасоль белая Нэви, зрелые семена, вареная, без доб. соли;140 кКал;8,23 г;0,62 г;15,55 г
Бобовые;Фасоль белая Нэви, зрелые семена, вареная, с доб. соли;140 кКал;8,23 г;0,62 г;15,55 г
Бобовые;Фасоль белая Нэви, зрелые семена, консервированная;113 кКал;7,53 г;0,43 г;15,35 г
Бобовые;Фасоль белая Нэви, проросшая;67 кКал;6,15 г;0,7 г;13,05 г
Бобовые;Фасоль белая Нэви, проросшая, вареная без соли;78 кКал;7,07 г;0,81 г;15,01 г
Бобовые;Фасоль белая Нэви, проросшая, вареная с солью;78 кКал;7,07 г;0,81 г;15,01 г
Бобовые;Фасоль белая, зрелые семена;333 кКал;23,36 г;0,85 г;45,07 г
Бобовые;Фасоль белая, зрелые семена, вареная, без соли;139 кКал;9,73 г;0,35 г;18,79 г
Бобовые;Фасоль белая, зрелые семена, вареная, с солью;139 кКал;9,73 г;0,35 г;18,79 г
Бобовые;Фасоль белая, зрелые семена, консервированная;114 кКал;7,26 г;0,29 г;16,4 г
Бобовые;Фасоль белая, мелкая, зрелые семена;336 кКал;21,11 г;1,18 г;37,35 г
Бобовые;Фасоль белая, мелкая, зрелые семена, вареная, без соли;142 кКал;8,97 г;0,64 г;15,41 г
Бобовые;Фасоль белая, мелкая, зрелые семена, вареная, с солью;142 кКал;8,97 г;0,64 г;15,41 г
Бобовые;Фасоль желтая, зрелые семена;345 кКал;22 г;2,6 г;35,6 г
Бобовые;Фасоль желтая, зрелые семена, вареная, без соли;144 кКал;9,16 г;1,08 г;14,88 г
Бобовые;Фасоль желтая, зрелые семена, вареная, с солью;144 кКал;9,16 г;1,08 г;14,88 г
Бобовые;Фасоль кидни красная, зрелая;337 кКал;22,53 г;1,06 г;46,09 г
Бобовые;Фасоль кидни красная, зрелая, вареная без соли;127 кКал;8,67 г;0,5 г;15,4 г
Бобовые;Фасоль кидни красная, зрелая, вареная с солью;127 кКал;8,67 г;0,5 г;15,4 г
Бобовые;Фасоль кидни красная, зрелая, консервированная;81 кКал;5,22 г;0,36 г;10,53 г
Бобовые;Фасоль кидни красная, зрелая, консервированная, с пониженным содержанием натрия;81 кКал;5,22 г;0,36 г;9,53 г
Бобовые;Фасоль кидни красная, зрелая, консервированная, содержимое без жидкости;124 кКал;7,98 г;1,05 г;15,99 г
Бобовые;Фасоль кидни красная, зрелая, консервированная, содержимое без жидкости, промытая водой;121 кКал;8,12 г;0,93 г;14,8 г
Бобовые;Фасоль кидни красная, калифорнийская, зрелая, вареная, без доб. соли;124 кКал;9,13 г;0,09 г;13,11 г
Бобовые;Фасоль кидни красная, калифорнийская, зрелая, вареная, с доб. соли;124 кКал;9,13 г;0,09 г;13,11 г
Бобовые;Фасоль кидни красная, калифорнийская, зрелая, сырая;330 кКал;24,37 г;0,25 г;34,9 г
Бобовые;Фасоль кидни красная, королевская, зрелая;329 кКал;25,33 г;0,45 г;33,43 г
Бобовые;Фасоль кидни красная, королевская, зрелая, вареная, без доб. соли;123 кКал;9,49 г;0,17 г;12,55 г
Бобовые;Фасоль кидни красная, королевская, зрелая, вареная, с доб. соли;123 кКал;9,49 г;0,17 г;12,55 г
Бобовые;Фасоль кидни, все виды, зрелая;333 кКал;23,58 г;0,83 г;35,11 г
Бобовые;Фасоль кидни, все виды, зрелая, вареная, без соли;127 кКал;8,67 г;0,5 г;16,4 г
Бобовые;Фасоль кидни, все виды, зрелая, вареная, с солью;127 кКал;8,67 г;0,5 г;16,4 г
Бобовые;Фасоль кидни, все виды, зрелая, консервированная;84 кКал;5,22 г;0,6 г;10,2 г
Бобовые;Фасоль кидни, проросшая;29 кКал;4,2 г;0,5 г;4,1 г
Бобовые;Фасоль кидни, проросшая, вареная без соли;33 кКал;4,83 г;0,58 г;4,72 г
Бобовые;Фасоль кидни, проросшая, вареная с солью;33 кКал;4,83 г;0,58 г;4,72 г
Бобовые;Фасоль кранберри (римская фасоль, борлотти), зрелые семена;335 кКал;23,03 г;1,23 г;35,35 г
Бобовые;Фасоль кранберри (римская фасоль, борлотти), зрелые семена, вареная, без соли;136 кКал;9,34 г;0,46 г;15,86 г
Бобовые;Фасоль кранберри (римская фасоль, борлотти), зрелые семена, вареная, с солью;136 кКал;9,34 г;0,46 г;15,86 г
Бобовые;Фасоль кранберри (римская фасоль, борлотти), зрелые семена, консервированная;83 кКал;5,54 г;0,28 г;8,82 г
Бобовые;Фасоль мотыльковая (mothbeans);343 кКал;22,94 г;1,61 г;61,52 г
Бобовые;Фасоль мотыльковая (mothbeans), вареная, без соли;117 кКал;7,81 г;0,55 г;20,96 г
Бобовые;Фасоль мотыльковая (mothbeans), вареная, с солью;117 кКал;7,81 г;0,55 г;20,96 г
Бобовые;Фасоль пинто (пёстрая), зрелая;347 кКал;21,42 г;1,23 г;47,05 г
Бобовые;Фасоль пинто (пёстрая), зрелая, вареная, без соли;143 кКал;9,01 г;0,65 г;17,22 г
Бобовые;Фасоль пинто (пёстрая), зрелая, вареная, с солью;143 кКал;9,01 г;0,65 г;17,22 г
Бобовые;Фасоль пинто (пёстрая), зрелая, консервированная;82 кКал;4,6 г;0,56 г;10,58 г
Бобовые;Фасоль пинто (пёстрая), зрелая, консервированная, с пониженным содержанием соли;82 кКал;4,6 г;0,56 г;10,58 г
Бобовые;Фасоль пинто (пёстрая), зрелая, консервированная, содержимое без жидкости, промытая водой;117 кКал;7,04 г;0,97 г;20,77 г
Бобовые;Фасоль пинто (пёстрая), зрелые проросшие семена;62 кКал;5,25 г;0,9 г;11,6 г
Бобовые;Фасоль пинто (пёстрая), зрелые проросшие семена, вареные, без соли;22 кКал;1,86 г;0,32 г;4,1 г
Бобовые;Фасоль пинто (пёстрая), зрелые проросшие семена, вареные, с солью;20 кКал;1,86 г;0,32 г;3,5 г
Бобовые;Фасоль пинто (пёстрая), консервированная, содержимое без жидкости;114 кКал;6,99 г;0,9 г;14,72 г
Бобовые;Фасоль пинто (пёстрая), незрелые семена, замороженная;170 кКал;9,8 г;0,5 г;26,8 г
Бобовые;Фасоль пинто (пёстрая), незрелые семена, замороженная, вареная, без соли;162 кКал;9,31 г;0,48 г;25,47 г
Бобовые;Фасоль пинто (пёстрая), незрелые семена, замороженные, вареные, с солью;162 кКал;9,31 г;0,48 г;25,47 г
Бобовые;Фасоль розовая, зрелые семена;343 кКал;20,96 г;1,13 г;51,49 г
Бобовые;Фасоль розовая, зрелые семена, вареная, без соли;149 кКал;9,06 г;0,49 г;22,61 г
Бобовые;Фасоль розовая, зрелые семена, вареная, с солью;149 кКал;9,06 г;0,49 г;22,61 г
Бобовые;Фасоль стручковая;23 кКал;2,5 г;0,3 г;3 г
Бобовые;Фасоль стручковая шелли, консервированная;30 кКал;1,76 г;0,19 г;2,79 г
Бобовые;Фасоль стручковая, желтая;31 кКал;1,82 г;0,12 г;3,73 г
Бобовые;Фасоль стручковая, желтая, вареная, без соли;35 кКал;1,89 г;0,28 г;4,58 г
Бобовые;Фасоль стручковая, желтая, вареная, с солью;35 кКал;1,89 г;0,28 г;4,58 г
Бобовые;Фасоль стручковая, желтая, замороженная;33 кКал;1,8 г;0,21 г;4,78 г
Бобовые;Фасоль стручковая, желтая, замороженная, вареная, без соли;28 кКал;1,49 г;0,17 г;3,45 г
Бобовые;Фасоль стручковая, желтая, замороженная, вареная, с солью;28 кКал;1,49 г;0,17 г;3,45 г
Бобовые;Фасоль стручковая, желтая, консервированная;15 кКал;0,8 г;0,1 г;2 г
Бобовые;Фасоль стручковая, желтая, консервированная, без соли;15 кКал;0,8 г;0,1 г;2 г
Бобовые;Фасоль стручковая, зеленая;31 кКал;1,83 г;0,22 г;4,27 г
Бобовые;Фасоль стручковая, зеленая, вареная, без соли;35 кКал;1,89 г;0,28 г;4,68 г
Бобовые;Фасоль стручковая, зеленая, вареная, замороженная, без соли;28 кКал;1,49 г;0,17 г;3,45 г
Бобовые;Фасоль стручковая, зеленая, вареная, с солью;35 кКал;1,89 г;0,28 г;4,68 г
Бобовые;Фасоль стручковая, зеленая, замороженная;33 кКал;1,79 г;0,21 г;4,94 г
Бобовые;Фасоль стручковая, зеленая, замороженная, вареная, с солью;28 кКал;1,49 г;0,17 г;3,45 г
Бобовые;Фасоль стручковая, зеленая, замороженная, приготовленная в микороволновке;33 кКал;1,98 г;0,41 г;3,58 г
Бобовые;Фасоль стручковая, зеленая, консервированная;15 кКал;0,72 г;0,17 г;1,77 г
Бобовые;Фасоль стручковая, зеленая, консервированная, без соли;15 кКал;0,8 г;0,1 г;2 г
Бобовые;Фасоль стручковая, зеленая, консервированная, без соли, содержимое без жидкости;22 кКал;1,12 г;0,46 г;2,42 г
Бобовые;Фасоль стручковая, зеленая, консервированная, содержимое без жидкости;21 кКал;1,05 г;0,41 г;2,29 г
Бобовые;Фасоль стручковая, зеленая, приготовленная в микроволновке;33 кКал;2,31 г;0,5 г;3,01 г
Бобовые;Фасоль стручковая, консервированная, без соли, содержимое без жидкости;20 кКал;1,15 г;0,1 г;3,2 г
Бобовые;Фасоль стручковая, консервированная, со специями;16 кКал;0,83 г;0,2 г;1,99 г
Бобовые;Фасоль стручковая, консервированная, содержимое без жидкости;20 кКал;1,15 г;0,1 г;3,2 г
Бобовые;Фасоль стручковая. Консервы;16 кКал;1,2 г;0,1 г;2,4 г
Бобовые;Фасоль французская, зрелые семена, вареная, без соли;129 кКал;7,05 г;0,76 г;14,62 г
Бобовые;Фасоль французская, зрелые семена, вареная, с солью;129 кКал;7,05 г;0,76 г;14,62 г
Бобовые;Фасоль французская, зрелые семена, сырая;343 кКал;18,81 г;2,02 г;38,91 г
Бобовые;Фасоль черная черепаха, зрелые семена;339 кКал;21,25 г;0,9 г;47,75 г
Бобовые;Фасоль черная черепаха, зрелые семена, вареная без соли;130 кКал;8,18 г;0,35 г;16,05 г
Бобовые;Фасоль черная черепаха, зрелые семена, вареная с солью;130 кКал;8,18 г;0,35 г;16,05 г
Бобовые;Фасоль черная черепаха, зрелые семена, консервированная;91 кКал;6,03 г;0,29 г;9,65 г
Бобовые;Фасоль черная, зрелые семена;341 кКал;21,6 г;1,42 г;46,86 г
Бобовые;Фасоль черная, зрелые семена, вареная, без соли;132 кКал;8,86 г;0,54 г;15,01 г
Бобовые;Фасоль черная, зрелые семена, вареная, с солью;132 кКал;8,86 г;0,54 г;15,01 г
Бобовые;Фасоль черная, зрелые семена, консервированная, со сниженным содержанием натрия;91 кКал;6,03 г;0,29 г;9,65 г
Бобовые;Фасоль черный глаз (коровий горох, вигна китайская), зрелая;336 кКал;23,52 г;1,26 г;49,43 г
Бобовые;Фасоль черный глаз (коровий горох, вигна китайская), зрелая, вареная, без соли;116 кКал;7,73 г;0,53 г;14,26 г
Бобовые;Фасоль черный глаз (коровий горох, вигна китайская), зрелая, вареная, с солью;116 кКал;7,73 г;0,53 г;14,26 г
Бобовые;Фасоль черный глаз (коровий горох, вигна китайская), зрелая, консервированная;77 кКал;4,74 г;0,55 г;10,33 г
Бобовые;Фасоль черный глаз (коровий горох, вигна китайская), зрелая, консервированная со свининой;83 кКал;2,74 г;1,6 г;13,23 г
Бобовые;Фасоль черный глаз (коровий горох, вигна китайская), незрелая, вареная;90 кКал;2,95 г;0,35 г;13,83 г
Бобовые;Фасоль черный глаз (коровий горох, вигна китайская), незрелая, вареная, без соли;97 кКал;3,17 г;0,38 г;15,32 г
Бобовые;Фасоль черный глаз (коровий горох, вигна китайская), незрелая, вареная, с солью;94 кКал;3,17 г;0,38 г;14,73 г
Бобовые;Фасоль черный глаз (коровий горох, вигна китайская), незрелая, замороженная;139 кКал;8,98 г;0,7 г;20,13 г
Бобовые;Фасоль черный глаз (коровий горох, вигна китайская), незрелая, замороженная, вареная, без соли;132 кКал;8,49 г;0,66 г;17,36 г
Бобовые;Фасоль черный глаз (коровий горох, вигна китайская), незрелая, замороженная, вареная, с солью;131 кКал;8,49 г;0,66 г;17,1 г
Бобовые;Фасоль, запеченная, домашнего приготоления;155 кКал;5,54 г;5,15 г;16,13 г
Бобовые;Фасоль, запеченная, консервированная, обычная или вегетарианская;94 кКал;4,75 г;0,37 г;17,04 г
Бобовые;Фасоль, запеченная, консервированная, с говядиной;121 кКал;6,38 г;3,45 г;16,91 г
Бобовые;Фасоль, запеченная, консервированная, с сосисками;142 кКал;6,75 г;6,57 г;8,49 г
Бобовые;Фасоль, запеченная, консервированная, со свининой;106 кКал;5,19 г;1,55 г;14,49 г
Бобовые;Фасоль, запеченная, консервированная, со свининой, с сладким соусом;105 кКал;4,52 г;0,89 г;17,17 г
Бобовые;Фасоль, запеченная, консервированная, со свининой, с томатным соусом;94 кКал;5,15 г;0,93 г;14,69 г
Бобовые;Фасоль, зерно;298 кКал;21 г;2 г;47 г
Бобовые;Фасоль, чили, барбекю, приготовленная, в стиле ранчо;97 кКал;5 г;1 г;12,7 г
Бобовые;Фунчоза (лапша из крахмала бобов мунг), сухая;351 кКал;0,16 г;0,06 г;85,59 г
Бобовые;Хумус;237 кКал;7,78 г;17,82 г;9,5 г
Бобовые;Хумус, домашнего приготовления;177 кКал;4,86 г;8,59 г;16,12 г
Бобовые;Цыпленок, из заменителя мяса;224 кКал;23,64 г;12,73 г;0,04 г
Бобовые;Цыпленок, из заменителя мяса, жареный, в панировке;234 кКал;21,28 г;12,77 г;4,21 г
Бобовые;Чечевица;352 кКал;24,63 г;1,06 г;52,65 г
Бобовые;Чечевица проросшая, вареная, без соли;101 кКал;8,8 г;0,45 г;21,25 г
Бобовые;Чечевица проросшая, жареная, с солью;101 кКал;8,8 г;0,45 г;21,25 г
Бобовые;Чечевица проросшая, сырая;106 кКал;8,96 г;0,55 г;22,14 г
Бобовые;Чечевица, зерно;295 кКал;24 г;1,5 г;46,3 г
Бобовые;Чечевица, зрелые семена, вареная, без соли;116 кКал;9,02 г;0,38 г;12,23 г
Бобовые;Чечевица, зрелые семена, вареная, с солью;114 кКал;9,02 г;0,38 г;11,64 г
Бобовые;Чечевица, розовая;358 кКал;23,91 г;2,17 г;52,3 г
Бобовые;Чили с бобами, консервированные;103 кКал;6,12 г;3,76 г;9,94 г
Бобовые;Чина;286 кКал;24,4 г;2,2 г;41,3 г
Бобовые;Эдамамэ, варёные соевые бобы в стручках, замороженные, неприготовленные;109 кКал;11,22 г;4,73 г;2,81 г
Бобовые;Эдамамэ, варёные соевые бобы в стручках, замороженные, приготовленные;121 кКал;11,91 г;5,2 г;3,71 г
Вода и напитки;Айвовый сок;51 кКал;0,5 г;0,1 г;11,2 г
Вода и напитки;Ананасовый и апельсиновый сок напиток, консервированный;50 кКал;1,3 г;0 г;11,7 г
Вода и напитки;Ананасовый и грейпфрутовый сок-напиток, консервированный;47 кКал;0,2 г;0,1 г;11,5 г
Вода и напитки;Апельсиновый и абрикосовый сок-напиток, консервированный;51 кКал;0,3 г;0,1 г;12,6 г
Вода и напитки;Апельсиновый напиток, консервированный, с доб витамина C;49 кКал;0 г;0,07 г;12,34 г
Вода и напитки;Апельсиновый напиток, с соком и мякотью, замороженный концентрат, приготовленный на воде;45 кКал;0,12 г;0 г;11,32 г
Вода и напитки;Апельсиновый сок-напиток;54 кКал;0,2 г;0 г;13,21 г
Вода и напитки;Арзни;0 кКал;0 г;0 г;0 г
Вода и напитки;Боржоми;0 кКал;0 г;0 г;0 г
Вода и напитки;Виноградный напиток, консервированный;61 кКал;0 г;0 г;15,72 г
Вода и напитки;Виноградный сок-напиток, консервированный;57 кКал;0 г;0 г;14,45 г
Вода и напитки;Вода;0 кКал;0 г;0 г;0 г
Вода и напитки;Вода "Ливония" (г. Владивосток);0 кКал;0 г;0 г;0 г
Вода и напитки;Вода "Перье" (PERRIER);0 кКал;0 г;0 г;0 г
Вода и напитки;Вода водопроводная питьевая;0 кКал;0 г;0 г;0 г
Вода и напитки;Вода водопроводная, городская;0 кКал;0 г;0 г;0 г
Вода и напитки;Вода колодезная (из подземного источника);0 кКал;0 г;0 г;0 г
Вода и напитки;Вода, бутилированная, POLAND SPRING;0 кКал;0 г;0 г;0 г
Вода и напитки;Вода, бутилированная, в общем;0 кКал;0 г;0 г;0 г
Вода и напитки;Вода, бутилированная, негазированная, CALISTOGA;0 кКал;0 г;0 г;0 г
Вода и напитки;Вода, бутилированная, негазированная, CRYSTAL GEYSER;0 кКал;0 г;0 г;0 г
Вода и напитки;Вода, бутилированная, негазированная, DANNON;0 кКал;0 г;0 г;0 г
Вода и напитки;Вода, бутилированная, негазированная, DANNON Fluoride To Go;0 кКал;0 г;0 г;0,03 г
Вода и напитки;Вода, бутилированная, негазированная, DASANI;0 кКал;0 г;0 г;0 г
Вода и напитки;Вода, бутилированная, негазированная, EVIAN;0 кКал;0 г;0 г;0 г
Вода и напитки;Вода, бутилированная, негазированная, NAYA;0 кКал;0 г;0 г;0 г
Вода и напитки;Вода, бутилированная, негазированная, PEPSI,(пепси), AQUAFINA;0 кКал;0 г;0 г;0 г
Вода и напитки;Вода, бутилированная, Перье, PERRIER;0 кКал;0 г;0 г;0 г
Вода и напитки;Вода, негазированная, бутылированная, с натуральным фруктовым вкусом, с низкокалорийным подсластителем;1 кКал;0 г;0 г;0,13 г
Вода и напитки;Вода, с доб. витаминов и минералов, бутилированная, подслащенная, со вкусом фруктового ассорти;22 кКал;0 г;0 г;5,49 г
Вода и напитки;Вода, с кукурузным сиропом и/или сахаром и низкокалорийным подсластителем, с фруктовым вкусом;18 кКал;0 г;0 г;4,5 г
Вода и напитки;Газированный напиток, апельсиновый;48 кКал;0 г;0 г;12,3 г
Вода и напитки;Газированный напиток, виноградная сода;43 кКал;0 г;0 г;11,2 г
Вода и напитки;Газированный напиток, Имбирный эль;34 кКал;0 г;0 г;8,76 г
Вода и напитки;Газированный напиток, кола, без кофеина;41 кКал;0 г;0 г;10,58 г
Вода и напитки;Газированный напиток, кола, с высоким содерж. кофеина;42 кКал;0 г;0,25 г;10,36 г
Вода и напитки;Газированный напиток, кола, с кофеином;37 кКал;0,07 г;0,02 г;9,56 г
Вода и напитки;Газированный напиток, Корневое пиво, Саспарилла;41 кКал;0 г;0 г;10,6 г
Вода и напитки;Газированный напиток, крем-сода;51 кКал;0 г;0 г;13,3 г
Вода и напитки;Газированный напиток, лимон-лайм сода, с кофеином;41 кКал;0,09 г;0 г;10,42 г
Вода и напитки;Газированный напиток, низкокалорийный, исключая кола или пеппер, без кофеина;0 кКал;0,1 г;0 г;0 г
Вода и напитки;Газированный напиток, низкокалорийный, исключая кола или пеппер, с добавками: аспартам, с кофеином;0 кКал;0,1 г;0 г;0 г
Вода и напитки;Газированный напиток, низкокалорийный, исключая кола или пеппер, с натриевым сахарином, без кофеина;0 кКал;0 г;0 г;0,1 г
Вода и напитки;Газированный напиток, низкокалорийный, кола или пеппер, с добавками: аспартам, без кофеина;1 кКал;0,12 г;0 г;0,12 г
Вода и напитки;Газированный напиток, низкокалорийный, кола или пеппер, с добавками: аспартам, с кофеином;2 кКал;0,11 г;0,03 г;0,29 г
Вода и напитки;Газированный напиток, низкокалорийный, кола или пеппер, с натриевым сахарином, с кофеином;0 кКал;0 г;0 г;0,1 г
Вода и напитки;Газированный напиток, пеппер, с кофеином;41 кКал;0 г;0,1 г;10,4 г
Вода и напитки;Газированный напиток, с уменьшенным содерж. сахара, кола, с кофеином и подсластителями;20 кКал;0 г;0 г;5,16 г
Вода и напитки;Газированный напиток, сода со вкусом шоколада;42 кКал;0 г;0 г;10,7 г
Вода и напитки;Газированный напиток, содовая вода;0 кКал;0 г;0 г;0 г
Вода и напитки;Газированный напиток, СПРАЙТ, с лимонно-лаймовым вкусом, без кофеина;40 кКал;0,05 г;0,02 г;10,14 г
Вода и напитки;Газированный напиток, тоник;34 кКал;0 г;0 г;8,8 г
Вода и напитки;Ессентуки №4;0 кКал;0 г;0 г;0 г
Вода и напитки;Заменитель кофе, напиток из злаков, порошок;360 кКал;6,01 г;2,52 г;55,12 г
Вода и напитки;Заменитель кофе, напиток из злаков, порошок, приготовленный на воде;6 кКал;0,1 г;0,04 г;0,9 г
Вода и напитки;Заменитель кофе, напиток из злаков, порошок, приготовленный на цельном молоке;65 кКал;3,3 г;3,3 г;5,5 г
Вода и напитки;Какао смесь, без добавления сахара, порошок;377 кКал;15,49 г;3 г;64,43 г
Вода и напитки;Какао смесь, НЕСТЛЕ, Hot Cocoa Mix Rich Chocolate с Маршмэллоу;400 кКал;2,8 г;15 г;71,3 г
Вода и напитки;Какао смесь, НЕСТЛЕ, Rich Chocolate Hot Cocoa Mix;400 кКал;3 г;15 г;71 г
Вода и напитки;Какао смесь, порошок;398 кКал;6,67 г;4 г;80,03 г
Вода и напитки;Какао смесь, порошок, приготовленный на воде;55 кКал;0,92 г;0,55 г;11,04 г
Вода и напитки;Какао смесь, с аспартамом, низкокалорийный, порошок, с доб кальция фосфора, без доб натрия или витамина A;359 кКал;25,1 г;3 г;56,9 г
Вода и напитки;Какао смесь, с аспартамом, порошок, приготовленный на воде;29 кКал;1,21 г;0,23 г;5,01 г
Вода и напитки;Квас хлебный;27 кКал;0,2 г;0 г;5,2 г
Вода и напитки;Кисель из вишневого сока по 2-132;78 кКал;0,2 г;0 г;18,9 г
Вода и напитки;Кисель из клюквы по 2-126;53 кКал;0 г;0 г;13 г
Вода и напитки;Кисель из кураги по 2-130;54 кКал;0,4 г;0 г;12,9 г
Вода и напитки;Кисель из сливового варенья по 2-134;63 кКал;0,1 г;0 г;15,5 г
Вода и напитки;Кисель из сушеных яблок по 2-130;66 кКал;0,1 г;0 г;16,3 г
Вода и напитки;Кисель из яблок по 2-128;97 кКал;0,1 г;0,1 г;23,7 г
Вода и напитки;Клюквенно-абрикосовый сок-напиток, бутилированный;64 кКал;0,2 г;0 г;16,1 г
Вода и напитки;Клюквенно-виноградный сок-напиток, бутилированный;56 кКал;0,2 г;0,1 г;13,9 г
Вода и напитки;Клюквенно-яблочный сок-напиток, бутилированный;63 кКал;0 г;0,11 г;15,85 г
Вода и напитки;Клюквенно-яблочный сок-напиток, низкокалорийный, с доб. витамина C;19 кКал;0,1 г;0 г;4,6 г
Вода и напитки;Клюквенный сок-коктейль, бутилированный;54 кКал;0 г;0,1 г;13,52 г
Вода и напитки;Клюквенный сок-коктейль, бутилированный, низкокалорийный, с кальцием, сахарином и кукурузным подсластителем;19 кКал;0,02 г;0,01 г;4,6 г
Вода и напитки;Клюквенный сок-коктейль, замороженный концентрат;201 кКал;0,05 г;0 г;51,25 г
Вода и напитки;Клюквенный сок-коктейль, замороженный концентрат, приготовленный на воде;47 кКал;0,01 г;0 г;11,81 г
Вода и напитки;Коктейль микс, без доб сахара, концентрированный, замороженный;287 кКал;0,08 г;0,01 г;71,6 г
Вода и напитки;Коктейль, виски сауэр, микс, бутилированный;87 кКал;0,1 г;0,1 г;21,4 г
Вода и напитки;Коктейль, виски сауэр, микс, порошок;383 кКал;0,6 г;0,1 г;97,3 г
Вода и напитки;Коктейль, виски сауэр, микс,, бутилированный, с доб. калия и натрия;84 кКал;0,1 г;0,1 г;21,4 г
Вода и напитки;Компот вишневый по 2-120;57 кКал;0,2 г;0,1 г;13,8 г
Вода и напитки;Компот грушевый по 2-118;55 кКал;0,1 г;0,1 г;13,4 г
Вода и напитки;Компот из абрикосов по 2-122;56 кКал;0,2 г;0 г;13,6 г
Вода и напитки;Компот из айвы по 2-118;56 кКал;0,1 г;0,1 г;13,7 г
Вода и напитки;Компот из крыжовника и черной смородины по 2-124;58 кКал;0,3 г;0,1 г;13,9 г
Вода и напитки;Компот персиковый по 2-122;88 кКал;0,2 г;0 г;21,8 г
Вода и напитки;Компот черешневый по 2-120;58 кКал;0,2 г;0,1 г;14 г
Вода и напитки;Компот яблочный по 2-118;55 кКал;0,1 г;0,1 г;13,6 г
Вода и напитки;Кофе жареный в зернах;331 кКал;13,9 г;14,4 г;29,5 г
Вода и напитки;Кофе и какао (мокка) порошок, с забеливателем и и низкокалорийным подсластителем, без кофеина;440 кКал;9 г;13,21 г;66,6 г
Вода и напитки;Кофе молотый, сваренный на водопроводной воде;1 кКал;0,12 г;0,02 г;0 г
Вода и напитки;Кофе молотый, сваренный на водопроводной воде, без кофеина;0 кКал;0,1 г;0 г;0 г
Вода и напитки;Кофе на молоке;58 кКал;0,7 г;1 г;11,2 г
Вода и напитки;Кофе на сгущёном молоке;55 кКал;0,7 г;0,9 г;10,9 г
Вода и напитки;Кофе натуральный, молотый;200,6 кКал;13,9 г;14,4 г;4,1 г
Вода и напитки;Кофе растворимый с цикорием, приготовленный на воде;3 кКал;0,09 г;0 г;0,75 г
Вода и напитки;Кофе растворимый, без кофеина, порошок;351 кКал;11,6 г;0,2 г;76 г
Вода и напитки;Кофе растворимый, без кофеина, приготовленный на воде;2 кКал;0,12 г;0 г;0,43 г
Вода и напитки;Кофе растворимый, обычный, порошок, с половинным содерж. кофеина;352 кКал;14,42 г;0,5 г;73,18 г
Вода и напитки;Кофе растворимый, порошок;353 кКал;12,2 г;0,5 г;75,4 г
Вода и напитки;Кофе растворимый, приготовленный на воде;2 кКал;0,1 г;0 г;0,34 г
Вода и напитки;Кофе растворимый, с сахаром, с ароматом мокка, порошок;460 кКал;5,29 г;15,87 г;72,14 г
Вода и напитки;Кофе растворимый, с цикорием, порошок;355 кКал;9,3 г;0,2 г;78,4 г
Вода и напитки;Кофе растворимый, сухой;118,7 кКал;15 г;3,6 г;7 г
Вода и напитки;Кофе чёрный без сахара;7 кКал;0,2 г;0,5 г;0,2 г
Вода и напитки;Кофе эспрессо, приготовленный в ресторане;9 кКал;0,12 г;0,18 г;1,67 г
Вода и напитки;Кофе эспрессо, приготовленный в ресторане, без кофеина;9 кКал;0,1 г;0,18 г;1,69 г
Вода и напитки;Краинская;0 кКал;0 г;0 г;0 г
Вода и напитки;Лимонад, замороженный концентрат, белый;196 кКал;0,22 г;0,7 г;49,59 г
Вода и напитки;Лимонад, замороженный концентрат, белый, приготовленный на воде;40 кКал;0,07 г;0,04 г;10,42 г
Вода и напитки;Лимонад, замороженный концентрат, розовый;192 кКал;0,22 г;0,69 г;48,56 г
Вода и напитки;Лимонад, замороженный концентрат, розовый, приготовленный на воде;43 кКал;0,05 г;0,15 г;10,71 г
Вода и напитки;Лимонад, замороженный концетрат, приготовленный на воде;52 кКал;0 г;0 г;13,79 г
Вода и напитки;Лимонад, порошок;376 кКал;0 г;1,05 г;97,17 г
Вода и напитки;Лимонад, порошок, приготовленный на воде;14 кКал;0 г;0,04 г;3,59 г
Вода и напитки;Миргородская;0 кКал;0 г;0 г;0 г
Вода и напитки;Молочный коктейль, шоколадный, малокалорийный, с аспартамом (E951), порошок;329 кКал;25 г;2,6 г;42 г
Вода и напитки;Молочный коктейль, шоколадный, малокалорийный, с аспартамом (E951), порошок, приготовленный на воде со льдом;29 кКал;2,19 г;0,23 г;3,71 г
Вода и напитки;Молочный напиток, готовый к употреблению, ароматизированный и подслащенный, с доб. кальция, витаминов A и D, с пониж. содерж. жира, 1.83%;77 кКал;3,05 г;1,83 г;11,68 г
Вода и напитки;Морковный сок;56 кКал;1,1 г;0,1 г;12,6 г
Вода и напитки;Напитки газированные на плодово-ягодных настоях;46 кКал;0 г;0 г;9,5 г
Вода и напитки;Напитки газированные на цитрусовых настоях;33 кКал;0 г;0 г;7,5 г
Вода и напитки;Напитки газированные на эссенциях («Кока-кола», «Пепси-кола»);38 кКал;0 г;0 г;8,7 г
Вода и напитки;Напиток апельсиновый по 2-160;53 кКал;0,1 г;0 г;13 г
Вода и напитки;Напиток к завтраку, Апельсиновый, готовый к употреблению, с доб нутриентами;53 кКал;0 г;0 г;13,1 г
Вода и напитки;Напиток клюквенный по 2-160;51 кКал;0,1 г;0 г;12,4 г
Вода и напитки;Напиток микс, QUAKER OATS, GATORADE, со вкусом апельсина, порошок;388 кКал;0 г;1,23 г;94,11 г
Вода и напитки;Напиток яблочный по 2-160;54 кКал;0,1 г;0,1 г;13,2 г
Вода и напитки;Напиток, из плодов шиповника по 2-162;50 кКал;0,2 г;0,1 г;11,9 г
Вода и напитки;Напиток, Коктейль персиковый по 2-164;98 кКал;1,7 г;1,9 г;18,5 г
Вода и напитки;Напиток, рисовый, неподслащенный, с доб. кальция, витаминов A и D;47 кКал;0,28 г;0,97 г;8,87 г
Вода и напитки;Напиток, с ароматом апельсина, на завтрак, низкокалорийный, порошок;217 кКал;3,6 г;0 г;82,1 г
Вода и напитки;Напиток, с ароматом апельсина, на завтрак, порошок;386 кКал;0 г;0 г;98,54 г
Вода и напитки;Напиток, с ароматом апельсина, на завтрак, с мякотью, замороженный концентрат;172 кКал;0,1 г;0,5 г;42,7 г
Вода и напитки;Напиток, с ароматом апельсина, на завтрак, с мякотью, замороженный концентрат, приготовленный на воде;49 кКал;0,03 г;0,14 г;12,21 г
Вода и напитки;Напиток, с ароматом апельсина, на завтрак, с соком и мякотью, замороженный концентрат;153 кКал;0,4 г;0 г;38,9 г
Вода и напитки;Напиток, с фруктовым ароматом, сухая смесь, низкокалорийный, с заменителем сахара аспартам (E951);218 кКал;0,45 г;0,04 г;87,28 г
Вода и напитки;Напиток, с шоколадным вкусом, на основе молока и сыворотки;49 кКал;0,64 г;0,4 г;10,08 г
Вода и напитки;Напиток, со апельсиновым вкусом, к завтраку, порошок, приготовленный на воде;49 кКал;0 г;0 г;12,55 г
Вода и напитки;Напиток, со вкусом лимонада, порошок;380 кКал;0 г;1,01 г;97,9 г
Вода и напитки;Напиток, со вкусом лимонада, порошок, приготовленный на воде;27 кКал;0 г;0,07 г;6,9 г
Вода и напитки;Напиток, со вкусом шоколада, порошок, приготовленный на цельном молоке;85 кКал;3,23 г;3,24 г;11,56 г
Вода и напитки;Напиток, со вкусом эг-ногг, порошок, приготовленный на цельном молоке;95 кКал;2,93 г;3,02 г;14,2 г
Вода и напитки;Напиток, фруктовый напиток-сок, с уменьшенным содрежржанием сахара, с доб. витамина E;39 кКал;0 г;0,07 г;10 г
Вода и напитки;Напиток, Хорчата (орчата), как подают в ресторанах;54 кКал;0,48 г;0,71 г;11,52 г
Вода и напитки;Напиток, Яблочно-абрикосовый, консервы;58 кКал;0,2 г;0 г;14 г
Вода и напитки;Напиток-микс, с клубничным вкусом, порошок;389 кКал;0,1 г;0,2 г;99,1 г
Вода и напитки;Напиток-микс, с клубничным вкусом, порошок, приготовленный на цельном молоке;88 кКал;3 г;3,1 г;12,3 г
Вода и напитки;Напиток-сок,  смесь овощей и фруктов, с уменьш. кол. калорий, с низкокалорийным подсластителем, и доб. витамина C;4 кКал;0 г;0 г;1,1 г
Вода и напитки;Напиток-сок, смесь овощей и фруктов, с доб. нутриентов;29 кКал;0,04 г;0,01 г;7,47 г
Вода и напитки;Напиток-шейк, фаст фуд, ванильный;148 кКал;3,37 г;6,52 г;18,69 г
Вода и напитки;Напиток-шейк, фаст фуд, клубничный;113 кКал;3,4 г;2,8 г;18,5 г
Вода и напитки;Нарзан;0 кКал;0 г;0 г;0 г
Вода и напитки;Полюстрово;0 кКал;0 г;0 г;0 г
Вода и напитки;Свекольный сок;61 кКал;1 г;0 г;14,1 г
Вода и напитки;Сироп из шиповника;285 кКал;0,2 г;0 г;70,5 г
Вода и напитки;Славяновская;0 кКал;0 г;0 г;0 г
Вода и напитки;Смесь солодовых напитков, натуральных, порошок;428 кКал;14,29 г;9,52 г;71,11 г
Вода и напитки;Смесь солодовых напитков, натуральных, порошок, приготовленный с цельным молоком;88 кКал;3,86 г;3,62 г;10,13 г
Вода и напитки;Смесь солодовых напитков, натуральных, с добавками, порошок;384 кКал;9,41 г;1,33 г;83,59 г
Вода и напитки;Смесь солодовых напитков, натуральных, с добавками, порошок, приготовленный с цельным молоком;86 кКал;3,67 г;3,21 г;10,67 г
Вода и напитки;Смесь солодовых напитков, шоколад, порошок;411 кКал;5,1 г;4,76 г;82,14 г
Вода и напитки;Смесь солодовых напитков, шоколад, порошок, приготовленный с цельным молоком;85 кКал;3,37 г;3,29 г;10,7 г
Вода и напитки;Смесь солодовых напитков, шоколад, с добавками, порошок;389 кКал;4,9 г;3,4 г;84,6 г
Вода и напитки;Смесь солодовых напитков, шоколад, с добавками, порошок, приготовленный с цельным молоком;87 кКал;3,29 г;3,26 г;10,79 г
Вода и напитки;Сок абрикосовый;55 кКал;0,5 г;0 г;12,7 г
Вода и напитки;Сок ананасовый;52 кКал;0,3 г;0,1 г;11,8 г
Вода и напитки;Сок апельсиновый;60 кКал;0,7 г;0,1 г;13,2 г
Вода и напитки;Сок виноградный;70 кКал;0,3 г;0,2 г;16,3 г
Вода и напитки;Сок вишнёвый;51 кКал;0,7 г;0,2 г;11,4 г
Вода и напитки;Сок гранатовый;56 кКал;0,3 г;0,1 г;14,2 г
Вода и напитки;Сок грейпфрутовый;38 кКал;0,3 г;0,1 г;7,9 г
Вода и напитки;Сок лимонный;33 кКал;0,6 г;0,24 г;3,9 г
Вода и напитки;Сок мандариновый;45 кКал;0,8 г;0,2 г;9,8 г
Вода и напитки;Сок персиковый;68 кКал;0,3 г;0 г;16,5 г
Вода и напитки;Сок сливовый;68 кКал;0,3 г;0,1 г;15,2 г
Вода и напитки;Сок томатный;18 кКал;1 г;0,1 г;2,9 г
Вода и напитки;Сок яблочный;46 кКал;0,5 г;0,1 г;10,1 г
Вода и напитки;Сок-напиток и цитрусовых, замороженный концентрат;162 кКал;1,2 г;0,1 г;40 г
Вода и напитки;Сок-напиток и цитрусовых, замороженный концентрат, приготовленный на воде;46 кКал;0,34 г;0,03 г;11,32 г
Вода и напитки;Спортивный напиток, COCA-COLA, POWERADE, с лимонно-лаймовым вкусом, готовый к употреблению;32 кКал;0 г;0,05 г;7,84 г
Вода и напитки;Фруктовый пунш, напиток, без добавления нутриентов, консервированный;48 кКал;0 г;0 г;11,97 г
Вода и напитки;Фруктовый пунш, напиток, замороженный концентрат;162 кКал;0,2 г;0 г;41 г
Вода и напитки;Фруктовый пунш, напиток, замороженный концентрат, приготовленный на воде;46 кКал;0,06 г;0 г;11,56 г
Вода и напитки;Фруктовый пунш, напиток, порошок, без доб натрия, приготовленный на воде;37 кКал;0 г;0,01 г;9,47 г
Вода и напитки;Фруктовый пунш, напиток, с доб. нутриентов, консервированный;47 кКал;0 г;0 г;11,74 г
Вода и напитки;Фруктовый пунш, сок-напиток, замороженный концентрат;175 кКал;0,3 г;0,7 г;42,9 г
Вода и напитки;Фруктовый пунш, сок-напиток, замороженный концентрат, приготовленный на воде;42 кКал;0,07 г;0,17 г;11,4 г
Вода и напитки;Чай (сухая заварка);140,9 кКал;20 г;5,1 г;4 г
Вода и напитки;Чай заваренный с лимоном;28 кКал;0,1 г;0 г;6,8 г
Вода и напитки;Чай заваренный с молоком;43 кКал;0,7 г;0,8 г;8,2 г
Вода и напитки;Чай заваренный с сахаром;28 кКал;0,1 г;0 г;7 г
Вода и напитки;Чай черный байховый (сухая заварка);151,8 кКал;20 г;5,1 г;6,9 г
Вода и напитки;Чай, готовый к употреблению, ARIZONA iced tea,  с лимонным вкусом;39 кКал;0 г;0 г;9,77 г
Вода и напитки;Чай, готовый к употреблению, LIPTON BRISK, холодный, с лимонным вкусом;35 кКал;0 г;0 г;8,81 г
Вода и напитки;Чай, готовый к употреблению, NESTLE, COOL NESTEA, холодный, с лимонным вкусом;36 кКал;0 г;0 г;9,09 г
Вода и напитки;Чай, готовый к употреблению, WENDY'S, фаст фуд, без льда;1 кКал;0,22 г;0 г;0 г
Вода и напитки;Чай, заваренный, приготовленный, на водопроводной воде;1 кКал;0 г;0 г;0,3 г
Вода и напитки;Чай, заваренный, приготовленный, на водопроводной воде, без кофеина;1 кКал;0 г;0 г;0,3 г
Вода и напитки;Чай, заваренный, приготовленный, на дистиллированной воде;1 кКал;0 г;0 г;0,3 г
Вода и напитки;Чай, растворимый,  неподслащенный, с ароматом лимона, порошок;345 кКал;7,4 г;0,18 г;73,52 г
Вода и напитки;Чай, растворимый, не подслащенный, порошок, приготовленный;1 кКал;0,06 г;0 г;0,17 г
Вода и напитки;Чай, растворимый, неподслащенный, порошок;315 кКал;20,21 г;0 г;50,16 г
Вода и напитки;Чай, растворимый, неподслащенный, порошок, без кофеина;315 кКал;20,21 г;0 г;50,16 г
Вода и напитки;Чай, растворимый, подслащенный сахарином натрия, со вкусом лимона, порошок;338 кКал;3,3 г;0,6 г;85,4 г
Вода и напитки;Чай, растворимый, подслащенный сахарином натрия, со вкусом лимона, порошок, без кофеина;338 кКал;3,3 г;0,6 г;85,4 г
Вода и напитки;Чай, растворимый, подслащенный сахарином натрия, со вкусом лимона, порошок, приготовленный;2 кКал;0,02 г;0 г;0,44 г
Вода и напитки;Чай, растворимый, подслащенный сахаром, со вкусом лимона, с доб. аскорбиновой кислоты, порошок;385 кКал;0,6 г;0,3 г;97,6 г
Вода и напитки;Чай, растворимый, с сахаром, со вкусом лимона, без доб. аскорбиновой кислоты, порошок;401 кКал;0,12 г;0,73 г;97,85 г
Вода и напитки;Чай, растворимый, с сахаром, со вкусом лимона, без доб. аскорбиновой кислоты, порошок, без кофеина;401 кКал;0,12 г;0,73 г;98,55 г
Вода и напитки;Чай, растворимый, с сахаром, со вкусом лимона, без доб. аскорбиновой кислоты, порошок, приготовленный;35 кКал;0,01 г;0,06 г;8,51 г
Вода и напитки;Чай, травяной, не ромашковый, заваренный;1 кКал;0 г;0 г;0,2 г
Вода и напитки;Чай, травяной, ромашковый, заваренный;1 кКал;0 г;0 г;0,2 г
Вода и напитки;Черноплодно-рябиновый сок;50 кКал;0,1 г;0,1 г;11,4 г
Вода и напитки;Черносмородиновый сок;41 кКал;0,5 г;0 г;7,3 г
Вода и напитки;Шиповниковый сок;67 кКал;0,1 г;0,2 г;16,1 г
Вода и напитки;Шоколадный сироп;279 кКал;2,1 г;1,13 г;62,5 г
Вода и напитки;Шоколадный сироп, приготовленный на цельном молоке;90 кКал;3,07 г;2,96 г;12,48 г
Вода и напитки;Энергетический напиток, AMP;46 кКал;0,25 г;0,08 г;12,08 г
Вода и напитки;Энергетический напиток, AMP, без сахара;2 кКал;0 г;0 г;1,03 г
Вода и напитки;Энергетический напиток, FULL THROTTLE;46 кКал;0,25 г;0,08 г;12,08 г
Вода и напитки;Энергетический напиток, Monster (Монстр);47 кКал;0,47 г;0 г;11,28 г
Вода и напитки;Энергетический напиток, RED BULL (Ред булл), с доб кофеина, витаминами: PP, B5, B6 и B12;43 кКал;0,46 г;0 г;10,23 г
Вода и напитки;Энергетический напиток, ROCKSTAR;58 кКал;0,34 г;0,22 г;12,7 г
Вода и напитки;Энергетический напиток, ROCKSTAR, без сахара;4 кКал;0,25 г;0,08 г;0,7 г
Вода и напитки;Энергетический напиток, VAULT Zero, без сахара, со вкусом цитрусовых;1 кКал;0,25 г;0,08 г;0,7 г
Вода и напитки;Энергетический напиток, VAULT Zero, со вкусом цитрусовых;49 кКал;0 г;0 г;12,99 г
Вода и напитки;Яблочно морковный напиток. Консервы;68 кКал;0,3 г;0 г;15,5 г
Вода и напитки;Яблочно-абрикосовый напиток. Консервы;58 кКал;0,2 г;0 г;14 г
Вода и напитки;Яблочно-виноградный напиток;52 кКал;0,3 г;0 г;12,3 г
